AccX1	AccY1	AccZ1	GyrX1	GyrY1	GyrZ1	AccX2	AccY2	AccZ2	GyrX2	GyrY2	GyrZ2	AccX3	AccY3	AccZ3	GyrX3	GyrY3	GyrZ3	AccX4	AccY4	AccZ4	GyrX4	GyrY4	GyrZ4	AccX5	AccY5	AccZ5	GyrX5	GyrY5	GyrZ5	AccX6	AccY6	AccZ6	GyrX6	GyrY6	GyrZ6	AccX7	AccY7	AccZ7	GyrX7	GyrY7	GyrZ7	AccX8	AccY8	AccZ8	GyrX8	GyrY8	GyrZ8	AccX9	AccY9	AccZ9	GyrX9	GyrY9	GyrZ9	AccX10	AccY10	AccZ10	GyrX10	GyrY10	GyrZ10	AccX11	AccY11	AccZ11	GyrX11	GyrY11	GyrZ11	AccX12	AccY12	AccZ12	GyrX12	GyrY12	GyrZ12	AccX13	AccY13	AccZ13	GyrX13	GyrY13	GyrZ13	AccX14	AccY14	AccZ14	GyrX14	GyrY14	GyrZ14	AccX15	AccY15	AccZ15	GyrX15	GyrY15	GyrZ15	AccX16	AccY16	AccZ16	GyrX16	GyrY16	GyrZ16	AccX17	AccY17	AccZ17	GyrX17	GyrY17	GyrZ17	AccX18	AccY18	AccZ18	GyrX18	GyrY18	GyrZ18	AccX19	AccY19	AccZ19	GyrX19	GyrY19	GyrZ19	AccX20	AccY20	AccZ20	GyrX20	GyrY20	GyrZ20	Label
-63	-117	-10	-93	130	-780	12	37	3	73	-520	-188	-141	-195	48	-1144	400	-524	-7	-65	-8	480	-92	-273	-47	-201	5	-347	-533	648	-48	-37	68	903	-416	987	53	0	-61	141	776	343	39	95	26	241	77	178	16	77	-41	213	-74	135	-4	25	6	-125	-124	217	5	46	3	-75	13	-117	-2	-5	15	-46	1	-57	7	-7	-1	55	4	51	0	-13	-3	-125	11	-6	5	9	11	47	14	42	4	5	-1	101	81	-61	-1	-13	-12	-43	17	-11	4	10	-3	25	-21	10	-5	1	4	-55	-57	51	0	-2	13	-30	130	-70	up
-62	-154	35	1329	-42	2211	41	176	-42	-76	-642	427	21	97	59	-155	318	-468	80	75	-109	-147	-8	-619	17	133	37	-421	-420	-26	35	109	33	-331	755	-1228	43	-23	-62	174	320	-723	36	-26	-52	-370	56	-615	-78	-77	4	-894	-559	-260	-69	-26	112	436	603	-1004	-24	-105	-27	-627	-456	-183	-140	-320	42	494	451	-590	44	-87	-96	-484	-1024	1804	13	0	49	899	635	478	66	73	-39	29	-16	446	-12	72	43	346	-110	255	5	26	-28	-199	216	-27	8	28	1	-57	-248	352	-4	37	19	9	127	-294	2	-15	-14	35	-81	-103	up
-16	-6	21	-51	-114	107	6	3	0	107	151	-62	0	-12	-5	-74	0	88	1	19	11	84	37	5	5	10	-6	-7	-24	-39	4	-10	-7	-28	43	50	-4	0	1	45	-109	87	0	-7	1	-21	-10	-116	-6	13	15	13	117	-42	11	-7	-17	-4	-81	3	-20	-154	-4	-351	179	-651	-4	-70	-30	279	-265	1339	-8	0	44	817	-106	568	-30	0	20	165	-37	402	6	106	20	270	-29	539	-3	222	-20	-257	-582	249	39	150	52	-649	523	-404	85	135	-64	72	473	-1014	47	-16	-27	46	114	-406	76	2	-54	-103	54	-605	up
-3	27	-30	-475	126	-687	-47	-55	43	-295	-493	-535	-93	-139	13	-368	378	-587	-52	-56	112	679	-67	-99	-44	-224	-62	-1037	531	-524	32	-53	-21	365	-1061	611	-59	-99	-9	4	314	483	-3	13	34	646	178	427	45	89	-30	61	-295	471	7	49	19	-25	102	512	10	7	-26	-4	131	-127	-3	43	7	105	-267	217	3	35	19	96	-12	-56	-6	-18	-1	-111	68	0	4	14	12	118	-13	-72	1	3	-7	-79	20	-57	-8	-16	16	-18	76	19	13	2	-24	59	18	-47	-4	-2	-1	-16	-60	42	-8	15	17	7	-9	64	up
-3	-155	-4	-62	-185	351	-4	-29	63	197	556	140	25	-50	-144	435	-290	490	-72	67	123	-21	-689	1295	18	151	57	610	493	-167	56	160	-66	-1	-86	109	33	44	-46	-272	196	-619	64	92	-33	-290	-85	-375	52	50	13	-3	72	-725	43	-37	-65	-605	291	-363	12	24	15	56	-171	-517	-15	-47	-8	-191	1	-545	-65	-117	32	-487	-140	-116	-25	-27	45	198	297	-155	-10	-55	-16	-366	123	-229	-22	-10	40	337	-167	-114	-41	-139	-82	-859	-24	365	-5	47	82	1237	-311	-45	20	-10	-14	-461	115	-71	-17	-66	-14	362	-113	107	up
-23	-1	-28	-233	178	368	-20	-11	34	388	-158	-29	-1	11	-14	-50	115	336	-9	5	22	-205	-51	505	27	57	-11	188	45	-12	-4	14	9	134	-83	84	2	15	-2	-101	66	-24	-1	33	12	31	-17	0	3	-23	-14	-84	43	-49	2	9	13	70	-14	-134	-12	169	19	1298	-132	2562	56	150	-33	4	125	-825	68	-4	-46	-811	-418	-788	9	3	52	-215	564	-514	68	-66	-102	-82	-24	-465	-18	19	38	-312	-43	11	28	-35	-9	127	90	-642	-40	-45	5	-749	-211	-120	-49	-22	58	283	156	-211	-2	18	45	-226	302	-431	up
-73	-132	-58	-317	-128	-266	22	67	82	292	-523	130	-101	-174	-34	-248	577	-263	-34	-75	-15	1078	-175	-409	-1	-109	-106	-335	-301	568	-34	0	89	-145	-125	1445	45	146	45	420	515	291	60	62	-62	-57	-279	242	-18	-25	2	19	65	-220	-8	22	14	6	-148	351	10	38	12	-50	17	-99	2	3	3	65	96	-197	3	-4	-3	-2	57	-201	12	-26	-12	-53	-181	248	-9	0	13	49	74	-125	-4	-1	1	14	37	28	7	17	0	-32	33	51	4	12	-1	-2	47	-62	2	-19	-13	17	-84	-15	-10	-15	24	17	46	127	up
-9	-155	-50	-583	222	-1105	-49	-55	23	1215	-199	1758	-39	0	49	-165	-221	1625	31	35	12	701	263	308	30	236	-36	-242	-345	230	29	111	19	-105	-206	-757	67	169	-51	-120	-53	-566	38	-24	43	-87	199	-614	69	26	-46	-363	363	-416	36	-36	-25	-101	-5	-484	24	20	-17	-342	219	-393	-19	-22	8	52	40	-622	-42	-69	-2	-372	-252	55	-49	14	69	162	-33	-226	-31	-38	1	-321	559	-486	-60	-92	-43	-154	-281	-387	44	-64	-5	-38	-368	148	-83	-149	10	606	-161	-656	-44	-117	24	-221	516	805	65	0	-82	-176	-387	773	up
-14	50	54	573	-206	555	-1	67	26	43	411	478	31	66	-28	18	-325	191	-18	92	60	47	130	-314	10	-42	-25	-134	246	-66	13	-11	-40	3	-216	31	-25	-3	48	87	13	-11	9	-4	-11	52	184	62	0	6	-5	-51	-16	7	14	13	-22	-44	-99	-42	-106	-45	116	850	151	2655	97	117	-104	404	-213	-239	8	128	20	-299	-386	-113	66	73	-41	-427	-7	-742	28	65	65	-102	303	-481	59	-15	-76	-434	466	-676	40	84	22	230	19	-472	-5	-61	-68	-447	-151	-873	-63	-8	90	-161	-408	-377	-66	-122	-16	-382	667	-556	up
-22	-19	46	499	-188	-769	-85	-219	1	-1213	146	-107	-28	-131	-12	1138	-521	-55	-51	-81	9	-407	48	939	76	0	-65	179	-69	1389	-19	57	61	616	72	205	37	55	-13	170	-21	348	0	25	0	-183	20	448	15	134	8	99	-51	35	5	20	-9	-113	203	-652	3	-64	-24	-164	-177	-44	-16	-8	37	230	-35	71	5	-5	2	4	117	79	9	19	-14	-41	95	-60	-6	11	5	36	-72	-64	-6	-73	-11	-274	35	-234	-28	-121	20	-241	97	249	8	-19	-14	411	-12	745	-9	16	34	675	61	422	-7	-2	-5	-175	33	512	up
77	125	-76	728	-172	432	-21	135	87	-381	-674	563	84	213	-38	-7	844	-1236	29	-29	-86	-281	-703	-381	11	20	56	-166	664	-632	55	-18	-90	-255	-348	32	-31	6	76	-90	192	-464	23	42	-42	-119	167	-530	-45	48	86	-35	-25	-561	-49	-138	-62	-349	279	-764	-30	-44	1	-192	-525	-215	-80	-146	74	-386	-159	-79	-39	-184	23	187	282	41	23	-75	-58	291	-88	1106	-16	55	87	377	-328	227	4	36	-22	463	577	12	34	-6	-88	-413	-178	601	-1	99	36	80	-242	136	-14	17	23	92	393	-123	11	18	-26	84	-205	97	up
-9	-15	4	-97	6	45	0	25	-1	18	-38	73	-5	8	18	22	13	-6	6	-12	-10	-39	21	-51	-6	-16	6	50	13	98	5	5	-11	-11	29	7	0	32	7	-16	-26	-72	1	-27	-8	-26	-10	89	-2	1	7	11	33	-8	-2	17	6	43	-12	21	38	-158	-21	-231	156	-428	-16	-79	-20	-61	-190	725	-14	0	39	1047	202	971	-24	0	-19	-31	-168	820	-50	185	104	-229	154	-258	73	165	-70	321	-168	289	29	153	10	186	-19	-185	109	69	-84	-309	-3	-796	30	-10	4	-246	-13	-552	36	-15	-25	-383	420	-463	up
25	22	-38	-283	-152	-469	-35	-72	20	112	-178	-723	-74	-81	43	-701	-194	142	-5	11	62	425	388	-595	5	-149	-87	-526	178	-430	-71	-47	97	-150	-1000	469	-51	-102	34	1243	792	-103	55	-41	-115	-1070	-382	354	-45	-48	26	819	62	442	14	68	-11	-77	-128	259	-13	0	49	-3	96	20	24	10	-43	214	267	466	3	-43	2	68	-173	230	-9	181	24	-277	3	-10	2	4	5	205	17	-78	11	-26	-22	-293	113	-100	7	-5	-7	186	-275	-61	-16	-6	41	3	110	-14	1	16	1	-25	110	73	4	1	-11	8	-10	24	up
-61	-106	120	892	232	2080	27	45	-132	400	-479	390	21	217	31	-224	-341	-293	47	116	-43	-693	377	-648	20	34	71	184	42	-420	92	64	-83	-337	494	-708	47	61	-36	-361	193	-844	-5	-70	-44	-197	-565	-676	-88	-53	123	210	128	-674	-53	-139	-5	-617	214	-314	-20	-124	0	-201	-187	-403	-64	-200	19	161	44	115	-20	-85	-37	74	-324	1186	-6	90	78	1002	63	182	45	-16	-92	-467	392	250	13	65	-5	322	-479	503	-6	7	7	-387	109	63	-12	72	43	257	68	1	24	-14	-38	47	-120	26	-16	-56	11	114	-24	224	up
-6	75	23	-87	22	76	3	27	2	-79	163	-75	4	-10	-15	82	-7	-151	8	-20	-13	-31	-71	-43	-4	-34	-1	10	67	170	-9	12	13	-48	6	-15	1	29	-3	-4	-26	82	15	20	-8	17	23	-201	-9	-6	16	50	-96	-25	-3	-43	-10	-37	10	41	22	-150	-37	-252	289	-243	-51	-48	39	184	-542	1445	-12	54	86	560	476	804	46	45	-69	456	-55	209	24	148	-29	25	-345	-269	-18	94	56	-17	-149	-78	53	79	-62	-177	364	-327	46	73	-14	-481	-345	-154	42	70	29	-87	393	-721	47	21	-25	-236	121	-566	up
-3	-18	-8	26	142	-726	-36	-73	-40	-459	-288	-306	-38	10	85	216	111	-498	-42	-82	-5	-754	48	-322	-61	-166	5	389	19	-119	3	-6	-4	417	-144	-359	-75	-245	-15	-123	194	-43	5	10	-28	110	-442	797	-3	-7	32	-42	183	695	35	35	-43	-191	332	687	15	133	36	511	-349	276	-1	-4	-7	-142	46	53	3	55	7	13	-204	48	-14	44	43	78	206	-101	25	-23	-39	-107	79	-167	-4	-18	-10	39	-168	-110	-19	-35	31	28	25	101	4	-25	-19	-159	109	-100	-8	-44	17	-201	72	256	9	-91	-37	153	0	193	up
-62	133	78	1009	-65	2130	60	90	-39	349	-54	-82	47	71	-24	-325	-512	159	42	150	25	-101	129	-845	41	77	-20	-491	261	-731	37	30	-11	135	288	-600	31	-9	-32	-255	70	-462	20	25	-17	-314	8	-686	-52	-112	0	-202	-122	-677	-44	-48	35	-380	-162	-228	-66	-149	40	-24	144	-389	-22	-71	-3	174	9	76	-43	-118	-23	-172	-215	341	-17	6	63	589	11	274	22	-8	-41	-168	46	549	-17	27	26	575	21	73	3	6	-39	-145	103	238	19	35	-5	-248	11	319	-11	25	16	198	14	-121	6	-14	-21	259	-153	-3	up
-29	-44	13	-199	-45	357	5	116	43	-75	89	75	17	-16	-35	-19	195	-94	3	-36	-17	72	-158	43	-16	20	23	-51	-27	92	14	25	-3	28	19	-84	-2	-3	-4	33	20	-46	4	-24	-15	-79	-62	5	-7	7	13	24	-45	30	7	-10	-15	-53	-44	-17	-9	-155	-14	-17	66	598	-29	-2	88	38	-189	463	-13	-30	8	276	547	657	39	88	-11	556	-172	559	39	90	-35	228	-125	-148	14	112	-1	6	-247	-94	52	124	1	-48	232	-420	44	36	-54	-373	-364	-507	37	66	25	-205	103	-447	26	1	-21	-370	344	-646	up
12	27	4	55	61	-417	-16	-64	-17	-388	140	-651	-23	-67	-17	-223	-358	-227	-85	-58	88	-219	107	-302	-31	-45	16	139	308	-261	-21	-133	-60	250	294	197	-19	-66	6	46	-533	-281	-27	-91	4	-214	-275	432	-2	12	13	319	268	256	5	8	-33	-23	72	360	-5	13	13	-32	-247	610	14	89	18	243	149	157	-2	3	-12	71	-29	-4	1	42	6	-138	-196	265	-11	52	32	37	185	-210	16	-26	-22	16	27	-60	5	-15	-13	-21	-149	151	-7	7	10	84	57	-203	-3	-4	11	139	-66	147	-6	-15	-3	-141	214	93	up
121	519	-44	1786	269	2592	-51	-284	32	-787	-341	-1049	-63	-162	2	-447	-467	1646	0	187	67	613	557	628	29	-14	-63	-129	142	92	32	46	22	411	-247	150	48	24	17	138	-32	-193	50	19	-10	-127	95	-337	68	-17	-33	-78	47	-294	35	-3	-14	98	-224	-313	23	-18	7	-166	6	-142	36	33	2	18	86	-171	28	16	-20	-185	122	-376	16	0	-4	-161	10	-338	35	-2	-17	114	80	-211	-3	-42	-15	-275	-83	-405	-16	-67	27	-87	99	-132	-4	-20	-35	-41	-93	273	2	37	41	297	-59	-103	-18	-44	-29	-144	176	12	down
-3	152	50	-2	-345	4	-7	37	-6	-134	566	-478	-23	29	-42	-333	-641	-224	-84	-39	76	199	320	-1259	-54	-70	-41	-96	-54	-9	-80	-24	69	-176	85	-252	-32	-19	-10	329	146	-142	-41	-84	-43	-529	-285	135	-8	25	101	608	387	305	1	9	-122	-39	-126	183	13	2	54	368	-169	624	-15	-50	-2	-442	62	344	-7	-150	16	1080	127	2070	120	424	-77	-840	29	-1337	-96	-285	5	-89	-567	515	-75	-47	71	-170	36	1777	55	156	-3	640	275	-166	9	-65	-8	-96	2	338	19	45	9	267	-156	393	58	74	-2	53	123	-230	down
62	6	-9	17	-56	-491	53	-11	-23	-34	111	-378	6	-31	-6	-78	-281	-259	33	14	25	83	216	35	49	20	-53	-133	-86	-242	33	23	15	-200	113	-180	27	16	-15	193	16	-499	17	-28	-6	-174	182	-244	-2	-31	-56	-510	-204	-366	-15	-58	64	301	49	-52	-36	159	31	0	-19	-56	-41	-3	-29	-612	179	-884	-17	-22	18	170	-156	-288	-83	-53	-30	-142	36	-569	-46	25	71	472	-192	-304	-92	-136	-55	-693	191	-193	-22	-22	43	716	31	211	-23	-69	-9	-582	-169	630	33	86	33	516	568	439	40	86	-67	297	-401	51	down
-25	-125	39	-740	-160	157	-5	-29	10	1224	146	1344	30	186	-22	-584	176	110	3	-39	-52	-462	-257	-183	-86	-195	56	426	-372	982	1	96	38	157	414	1062	39	71	-34	72	52	-66	29	-1	-5	150	-215	80	33	41	26	208	-58	-88	51	12	-9	-123	127	-238	48	10	-22	187	59	-185	50	18	-11	-68	-191	-364	31	-5	-8	-149	97	-314	18	-2	0	-52	28	-247	31	9	-25	147	42	-399	16	-17	9	-410	-47	-257	5	-44	-12	-85	278	-113	7	-8	-26	-269	-83	-214	-8	-33	9	160	-153	-30	-13	-25	16	-25	32	17	down
-27	159	44	-210	1	-600	-34	-15	-14	-124	132	-306	-36	12	16	190	92	-484	-67	-94	-21	-572	-53	-198	-46	31	37	348	-307	-150	-15	-68	14	-50	511	-194	-50	-27	-40	11	-307	25	-4	-6	38	295	-194	247	-11	-23	-40	4	102	346	8	98	47	330	-93	237	3	-51	-8	-1001	388	61	-98	-235	58	2219	-329	3004	212	578	-143	-1946	435	-2991	-133	-431	8	568	-834	1360	-38	-3	102	-205	321	1562	36	111	-48	194	242	1	8	-32	-8	189	-345	217	5	-6	45	-18	113	388	42	63	-4	406	190	-13	55	-7	-38	23	-109	-282	down
36	26	18	51	-98	-162	46	34	-19	-6	-20	-332	31	-36	1	-124	108	-241	42	42	-17	85	-121	-216	36	3	-1	-71	-52	-277	13	-24	-23	-336	360	-175	27	24	-10	-47	-145	-433	9	-21	7	-252	137	-222	-3	-34	-14	-87	3	-172	0	-25	2	258	-78	-95	-118	79	76	-372	-79	-1060	-24	17	-9	-13	335	-200	-63	-73	-38	-51	-190	-714	-38	-56	25	9	-175	292	-52	-39	25	-31	198	-107	-21	-36	-12	-106	135	645	29	124	17	426	-171	54	-10	-19	-39	-537	-35	307	3	30	28	609	23	-372	-14	5	-4	11	-296	367	down
-14	-28	19	-132	400	307	32	-74	-83	-378	-541	-385	-4	215	102	878	687	1959	-2	-127	-54	-261	-207	-943	-51	-137	-28	-692	-445	830	-54	-6	93	900	147	1293	22	76	-41	-103	334	457	46	71	1	373	-238	-159	48	29	8	198	24	-60	29	-3	-30	-657	12	-227	45	34	30	864	-99	-115	61	4	-30	-355	54	-399	37	-33	-9	-158	64	-424	20	1	-2	-321	-134	-173	26	7	0	247	91	195	52	82	-12	64	130	-659	1	-68	-31	-315	-26	-354	9	-19	-13	52	14	-239	-10	-58	-9	-443	-98	-195	-14	-31	44	163	50	41	down
10	157	0	-118	-39	-102	-40	-7	-6	-117	52	-693	-59	-34	33	-128	-11	-129	-40	8	5	443	164	-519	-51	-51	-17	-465	-110	168	-34	-10	29	6	374	-451	-35	-39	-28	-312	-456	163	-42	-48	34	493	227	-76	-7	14	1	-17	-209	422	-5	2	-1	140	136	77	23	58	-3	195	-177	376	-15	-39	-12	-558	331	19	23	-95	-86	-622	-931	-1085	-15	310	233	2526	1360	4181	22	-187	-233	-1263	-489	-2401	-49	-159	51	-445	-1132	1240	-41	84	105	35	724	883	25	11	-56	479	190	116	22	42	13	152	-152	260	31	38	14	244	29	24	down
27	3	-19	36	2	15	55	51	1	95	11	-230	49	-27	-37	-167	102	-344	44	-11	-19	16	-194	-243	39	40	25	94	-40	-136	21	-6	-22	-347	74	-287	35	34	0	-71	139	-283	33	8	-10	-14	61	-482	-7	-63	-23	-181	-53	-149	3	-17	11	27	57	-226	-107	127	34	-698	-118	-854	-61	-61	50	396	586	-873	-28	-27	-88	-157	-424	-101	-84	-92	60	317	-218	-397	-4	-42	90	-718	278	479	-20	-8	-160	1251	264	124	-11	104	51	-769	-703	-291	-49	-157	47	-521	414	545	25	63	12	17	420	853	52	49	-12	283	224	494	down
-50	-219	-71	879	-685	427	76	357	36	-469	-117	-312	-21	-77	-7	459	-268	115	-44	-133	39	-77	-35	637	-16	-15	-12	54	178	578	-6	27	7	135	-54	708	12	51	-5	-160	-21	206	44	33	13	364	97	38	48	14	-30	-218	-121	-294	37	6	-1	265	-12	-213	29	-2	8	-271	-327	-255	26	20	17	-93	392	139	61	49	-38	122	47	-456	37	-13	-17	-58	125	-187	22	11	-22	-88	94	-344	15	-12	12	-79	-48	-456	3	-63	-35	-305	66	-160	-1	-9	38	-67	21	57	11	4	-30	183	-13	-104	-26	-69	-30	-319	-80	-192	down
-16	152	56	-8	-66	-158	-26	25	23	105	171	-615	-15	22	-8	171	-163	-255	-84	-64	10	-512	124	-446	-9	27	38	435	-44	-222	-115	-130	-26	-644	365	-157	-25	19	15	510	-52	-22	-23	-43	-13	-311	-239	335	1	-2	-9	516	183	97	1	33	-16	-243	-380	171	-20	-37	89	-88	236	373	41	30	-78	-17	121	-59	-7	41	64	1217	-260	3719	41	-18	-89	-899	85	-2465	-52	-93	12	-205	-394	1007	-27	30	56	470	-10	703	2	13	-10	103	275	365	36	28	-19	44	-86	246	25	15	3	-175	-77	-98	40	30	11	486	-14	109	down
63	68	-23	29	-32	-443	39	-18	1	-140	-103	-408	39	16	23	52	80	-183	48	-7	-29	-141	264	-368	38	16	-25	-221	-160	-305	10	-34	6	-204	170	-218	22	4	-18	218	43	-333	-4	-34	-16	-245	-9	-260	-2	-45	-2	-85	1	40	-7	-8	13	-27	-50	-26	2	168	34	66	-21	-248	-59	-57	-23	-516	100	-756	-24	-7	62	201	53	-275	-71	-39	-49	-237	12	-102	-20	21	69	599	155	-297	-62	-85	-70	-328	30	-166	-36	-56	25	-191	-217	162	6	1	53	187	32	431	-8	-1	-64	-89	161	276	10	61	47	376	-246	143	down
-9	22	-44	-272	-76	264	7	15	41	519	133	-62	-3	10	-67	-807	-32	271	9	46	68	1355	-304	54	-17	-69	-26	-1187	435	190	-23	-138	-10	371	-312	384	26	179	1	-114	315	-154	-22	-134	-46	-106	-505	191	-53	-110	81	269	-29	1147	1	114	-33	224	361	669	1	10	-13	121	-363	413	25	77	47	244	38	371	58	55	-11	162	59	-283	74	42	-25	-155	-51	-377	65	17	24	-54	58	-441	56	10	-54	-56	64	-663	25	-21	9	-204	-60	-368	20	-33	-6	-325	185	-568	7	-42	-7	-17	-24	172	1	-37	-1	272	153	-242	down
-145	64	40	-350	16	-1391	-36	-67	-16	-285	34	-95	-20	15	6	186	-60	-111	-26	15	17	-162	-42	-15	-31	-59	-4	-45	-4	159	-33	10	4	309	16	180	9	8	-2	178	101	247	-1	22	-12	-436	15	72	30	16	14	365	131	60	-213	-291	70	1226	-395	2441	246	470	-123	-1358	196	-1769	-42	-238	12	173	-308	519	-32	-44	30	-260	-69	346	-8	4	-1	391	71	841	13	47	9	-38	-1	364	25	23	0	166	12	61	19	17	-11	92	-79	-12	39	9	1	40	-2	-81	29	9	8	57	3	-168	34	5	-1	-296	-22	-196	down
38	-42	23	-113	160	-288	33	33	-22	463	324	233	38	29	-58	-255	-255	-369	13	-21	26	-18	18	-218	24	37	-15	-36	192	-148	27	-4	-21	-267	-146	-641	-22	-23	49	232	12	-61	16	-33	-55	-100	244	-63	4	-18	-28	-319	-261	-62	-19	-23	66	180	-41	58	-79	130	32	-648	5	-1093	-29	-30	34	650	266	-370	-56	-80	-69	-331	-123	-12	-33	33	54	279	26	70	-41	-25	-10	-248	168	-597	-30	-58	-31	-270	-224	418	-10	54	29	708	-280	168	6	-9	19	-480	433	78	-7	3	-24	331	-283	284	-16	16	15	124	96	149	down
17	36	2	276	89	27	-243	-307	118	1266	-223	3043	320	556	-155	-2255	826	-2844	-91	-389	-45	429	-788	1521	-8	59	94	406	-178	308	-25	-63	-22	1	19	299	-21	-17	-13	-54	-7	682	19	75	5	249	-26	384	27	58	8	98	42	200	91	120	-9	224	1	-239	63	12	-22	-260	-34	-729	46	-12	33	-73	-21	-419	41	-34	-6	-187	465	-376	40	-2	-46	33	-470	-335	16	-34	34	-24	429	-320	-1	-25	-71	-272	-259	-238	-4	-33	47	96	170	-13	-2	-15	-36	-134	-18	-253	-26	-59	12	-54	9	181	9	33	25	349	38	8	down
-6	-23	-9	-152	213	-96	0	-33	64	-61	289	26	6	15	-60	183	313	-149	0	-8	-25	39	-12	343	-17	-9	7	-198	137	-255	2	8	-38	56	-255	414	-5	3	30	-48	311	-221	8	8	-27	168	-58	-32	0	-4	-5	-178	-119	33	-5	-13	10	66	36	4	6	19	7	23	17	-60	-9	-2	-17	-176	-25	116	6	15	16	171	-24	-78	-4	-29	3	99	22	12	1	-4	39	-54	142	98	7	13	33	27	78	122	-16	-30	73	346	394	183	-12	4	-46	-264	605	107	7	27	-6	73	364	-26	-30	3	-60	-510	374	81	right
-10	42	-161	441	-504	-462	-12	-82	-14	-221	-505	-141	30	32	-42	266	-610	22	-4	9	58	-688	-391	186	2	39	5	611	-396	-159	-21	-44	-9	-583	-527	167	-11	-11	57	158	-154	-86	-6	-10	-37	173	-281	-37	-6	26	18	357	-273	-53	-2	-4	-35	-535	-479	71	15	41	106	314	-134	47	-11	-16	-65	233	-331	-158	-7	1	64	-749	-180	6	16	4	31	542	263	-109	17	14	68	-225	165	-215	17	-30	-94	514	455	86	10	1	107	-382	-73	-96	24	-19	-6	-329	911	94	9	36	-29	446	18	63	-6	-41	24	-427	577	46	right
19	3	8	288	291	-21	6	15	-55	135	281	-138	-8	-12	-45	-172	-303	301	-16	-6	45	191	261	-48	0	1	-54	-20	8	-69	1	-1	-1	-178	-46	131	3	25	23	108	-39	2	-4	-13	-2	-68	7	-64	9	6	-12	92	-47	62	-16	-17	14	-172	60	-2	-70	-5	-146	209	2254	152	39	49	43	-182	-794	-68	6	-23	-15	-205	-349	293	-20	9	46	582	222	-582	8	-15	-82	-300	-770	96	22	-22	80	49	-6	204	3	33	-26	21	-337	-196	-9	-18	60	37	-120	99	-2	19	-43	11	-47	-15	-5	-19	-26	-254	-484	64	right
-12	-4	-1	139	11	-152	-10	-3	-42	-40	-594	43	-23	-22	23	-156	-578	316	4	54	53	-69	-43	67	16	6	-4	203	-231	-208	-25	-13	-8	16	-274	-150	7	4	75	-295	-223	177	-1	-34	-39	550	300	-243	-4	45	-7	-519	-594	108	15	-1	81	305	140	-159	8	-30	13	-227	-75	-49	25	15	67	313	351	46	18	16	6	-80	508	-159	8	-41	25	-32	751	131	22	-2	-20	-43	452	97	6	-18	-16	-56	319	-221	-1	39	-49	425	186	371	-5	-22	-19	-140	251	-229	-6	-11	-33	-18	-141	154	5	33	-3	-265	-170	5	right
-7	-78	144	-143	341	752	20	33	135	1000	827	-32	-63	36	-59	-245	1328	-21	-38	33	-126	-902	621	-215	-6	-21	-75	515	-179	-108	12	61	-26	229	-28	-552	-8	-81	-87	-553	-594	396	20	62	91	482	-41	-398	-75	-18	-4	216	47	-137	-29	-44	-70	-318	298	391	30	16	-84	-403	-382	130	15	-51	-11	-562	-586	722	50	70	-10	1392	-309	-985	-6	-89	-105	-566	-1512	664	-28	40	72	-807	-293	-900	-28	-57	10	1012	-1269	619	1	44	33	-295	-367	-103	-39	40	33	242	-615	23	9	67	67	-181	-633	192	0	-29	75	109	201	-643	right
-28	-63	12	-1083	-641	457	70	96	168	1491	900	386	40	25	-25	-415	268	-1031	33	-96	37	10	771	-55	15	-21	10	400	916	218	40	-23	-48	-774	307	157	9	48	4	696	680	-203	-14	-66	-96	-374	-64	298	11	66	-15	321	499	-187	-1	-30	-45	-217	-235	241	-2	-2	158	406	294	233	-21	34	-9	-165	696	-5	-27	-43	-54	-940	569	-63	-31	22	20	442	308	310	-15	40	-33	317	405	-196	-31	-53	-42	-397	505	-205	19	60	-36	-56	-54	165	-49	-17	-9	539	271	-136	7	-2	-87	-437	-195	-212	4	13	12	543	-373	-284	right
8	-68	-54	-627	-449	237	18	-12	-17	344	-688	29	44	81	22	55	-522	270	9	5	4	-92	-352	-573	-42	-137	-14	-486	-888	221	-9	74	16	571	-424	215	-15	-45	-41	-488	-582	307	-12	34	24	271	-408	-5	2	33	-15	141	-852	174	-8	65	62	-347	-719	152	-15	-12	65	321	-161	-405	16	39	71	268	65	-494	14	-69	50	-242	341	31	14	-13	62	156	632	-141	55	-26	59	-2	824	30	37	14	-58	-257	912	-54	13	-25	-51	-137	236	149	0	16	-42	74	312	355	17	27	-10	169	131	-215	3	-20	-35	54	104	13	right
-25	16	154	357	876	324	-23	-39	-52	210	489	17	-22	-46	-20	-437	574	222	-57	71	-25	-356	269	307	-4	51	2	-128	820	-199	-41	43	-89	632	534	-492	-26	-116	-142	-1257	-312	-129	50	87	92	1343	-464	-310	-18	-44	-132	-495	-578	332	21	23	92	289	-623	-564	18	-76	-53	52	-655	652	90	111	51	-385	-385	-443	-105	-176	-93	-493	-761	346	41	115	213	667	-91	111	-21	-23	-172	195	-573	-34	-39	-38	-26	-747	-137	52	-23	12	1	482	-866	223	2	51	32	-210	-719	95	20	54	103	-139	-516	-179	7	-16	30	324	40	-575	right
1	-26	48	-238	-137	54	28	-3	34	-47	492	246	34	26	45	188	-163	-75	14	-45	-67	156	695	-248	4	14	34	-215	-128	162	38	4	92	161	922	-144	10	-31	-67	-174	354	-58	11	-23	27	-207	625	208	4	9	-55	229	401	75	3	17	-38	472	77	-28	-139	-44	-84	-485	2852	-178	46	108	13	429	-534	499	-38	-76	-52	40	78	-650	43	1	-83	-597	-1088	837	40	90	112	488	-793	-436	-36	-97	26	-206	71	-94	20	55	-7	199	192	-130	-9	-5	-14	163	-306	-131	-40	-66	-2	-199	211	126	77	113	38	-479	-665	568	right
-30	-81	-44	358	330	-605	7	18	21	-342	-445	115	-43	-63	-57	414	93	-250	-17	-12	-33	-83	-714	634	-7	42	19	6	-376	127	2	52	4	68	-288	192	5	45	-28	-269	-567	-395	-21	-79	27	-265	-439	-115	-6	-4	18	-79	-651	462	5	77	185	395	240	-505	35	-41	-116	956	270	-436	-2	-18	68	-1375	-81	424	38	13	30	195	446	-52	31	7	44	83	277	-201	9	-29	2	-57	471	-113	-9	-41	2	-28	850	460	34	58	-57	121	61	-35	-11	-18	3	181	472	-30	12	14	-34	244	-29	-22	-1	-24	-82	-407	70	100	right
-9	15	159	169	128	145	-12	-11	43	117	701	67	13	59	-41	588	256	-109	-38	-48	-39	-665	372	11	-22	12	-2	883	302	-123	-35	-32	-83	-955	389	387	12	45	19	658	-29	-195	-17	0	-45	-29	12	-64	-20	-69	-43	-756	128	209	32	86	-2	242	-494	108	-11	-9	7	99	65	-403	14	-4	15	67	-70	-145	-15	-51	-77	-118	-281	285	31	11	11	-138	-467	157	36	38	20	69	-338	-390	7	-51	36	-189	-134	113	-8	30	19	188	-120	-160	-15	-6	-11	120	-273	99	-7	-6	-55	-242	-448	85	-3	-11	-2	-257	-4	-55	right
-42	15	-15	391	-367	-147	-32	-46	-106	5	-704	258	-16	58	63	-581	-912	331	6	26	34	1017	-386	-694	-13	20	60	-769	-993	-10	-17	-30	90	-396	-259	-211	22	-21	130	893	542	97	46	52	-41	-646	211	304	37	-37	38	429	929	-232	20	-31	-70	-346	95	-122	2	-14	305	422	3185	1080	-16	49	-90	753	1598	-214	-55	-25	-179	-1635	349	50	-35	73	12	1242	254	-135	-48	-41	-48	-1011	965	-881	-6	-64	-130	1028	-534	496	-38	-20	-47	-681	-156	215	65	117	0	1181	-549	-275	2	-34	-129	-1141	-783	-54	66	24	75	425	-1129	-54	right
11	-106	-139	-1000	-1280	389	20	27	226	897	-30	-704	-24	-50	-165	-342	-1415	711	-3	98	111	-118	-257	-116	-38	-6	0	217	-375	-490	-14	-32	20	-567	-753	396	4	30	83	446	-299	-109	-10	-30	49	36	-180	251	1	-6	-7	497	-10	10	37	92	117	-417	45	229	58	-73	-17	806	1028	-734	34	72	23	-664	429	-178	2	-63	-25	-357	466	-139	13	-30	26	212	748	352	24	-7	-54	-12	258	117	16	7	-12	-64	327	22	-8	13	-24	269	22	94	-6	-6	-45	-195	209	24	2	7	-5	301	-173	-3	-6	6	-16	-196	3	-51	right
1	-2	167	-83	437	391	-28	19	33	497	547	118	-6	8	30	119	914	-424	-43	8	-113	-425	330	241	-33	-55	-12	-467	538	-177	-17	35	-73	502	165	-22	-29	-50	-30	-181	135	-132	3	-16	-95	113	2	22	30	55	65	152	-757	236	-13	14	12	-75	313	47	28	44	-34	390	43	-536	7	-32	-112	-443	-688	255	-46	-181	-339	1114	-2679	680	118	174	499	-2126	855	93	-73	-46	-203	1070	-1100	-621	25	33	107	-457	70	-146	-29	-20	-84	363	-833	-144	-33	4	51	-709	-800	411	16	54	89	834	-448	-339	-26	-36	18	-479	-299	-120	right
-12	-5	123	-292	-130	196	45	9	47	788	578	42	43	41	30	-178	443	-133	18	-63	-62	-60	600	-71	9	8	5	203	94	-100	25	13	28	-48	608	297	23	14	-48	420	130	-232	-7	-53	22	-916	654	-211	15	18	-35	356	-28	351	-9	-21	-29	-269	452	-61	-133	-18	84	-170	2333	812	29	140	-9	1119	345	-355	-58	-66	-162	-508	516	-225	28	-59	-51	-675	-625	304	30	80	46	1177	122	-398	1	-11	-61	-1017	-446	-35	-4	-72	43	334	-425	-63	28	98	-12	481	-361	-138	-25	-22	-58	1061	-248	-1035	47	-39	19	-1359	-2074	2457	right
23	30	-34	-1185	536	-1564	-66	-34	-1	867	-1268	489	-9	3	59	-685	362	-259	-28	-38	-51	640	-753	168	13	54	102	-97	-443	55	14	-14	27	370	-183	-80	1	20	31	-682	-464	196	19	12	64	1048	383	-223	-13	-3	23	-647	-411	96	27	-63	-26	521	997	-422	8	5	23	-244	-165	640	15	38	13	-153	626	-278	43	21	5	377	541	-51	8	-48	-55	-715	325	-68	13	3	66	493	203	197	-2	1	-80	-51	436	-142	3	22	7	210	-8	39	-7	-5	-36	-274	213	86	2	-1	-21	224	-141	-47	-4	-19	-16	-296	-107	-145	right
-4	4	166	-114	455	426	-12	2	74	521	811	-118	-32	27	-88	110	657	24	-20	-70	-115	-694	305	-50	1	82	17	512	-227	79	-16	-37	-18	-297	366	-389	1	15	-46	345	-319	229	-10	-12	68	-173	343	-171	-23	10	-63	149	-174	462	8	-25	-57	-69	261	-535	28	51	17	-150	-556	640	-7	10	-4	396	173	-360	26	6	-54	-458	-353	-613	-12	-86	-57	-64	-755	629	-5	-15	-33	373	-610	-301	-2	39	-12	-194	-1215	159	-21	47	105	-270	-523	128	-17	-22	-10	-94	-314	-335	-47	-85	-4	-28	-487	-26	12	54	40	392	-581	489	right
-17	84	148	571	-448	-83	-10	19	-17	-402	-208	-370	-20	-24	96	24	-132	-68	-9	-9	41	-56	33	-259	17	-26	25	-76	40	74	31	10	47	-295	224	-68	48	0	69	717	331	-21	5	-37	-76	-696	412	-122	12	-26	50	316	24	459	24	52	-21	323	411	-199	17	-42	-44	-154	381	49	19	21	41	-319	10	6	16	0	-6	195	457	82	-7	-31	1	-341	2	-24	-8	-20	43	277	552	328	19	48	-38	-58	231	-17	1	-1	27	152	355	91	-23	-9	20	67	247	3	-23	3	-6	11	476	175	-18	31	-36	-131	332	30	left
-32	32	-168	-507	431	37	-21	-62	22	118	53	-379	35	44	17	-7	-413	18	-18	8	34	930	142	-91	-12	-29	-48	-562	89	57	-4	-21	-21	-93	-16	25	8	21	46	501	-273	-10	-2	-21	-121	-678	113	222	31	53	87	403	-749	-170	-5	-48	-116	-295	87	42	20	31	55	397	-580	-141	20	20	13	-440	-136	-92	3	-21	15	210	-252	4	-1	-23	64	-308	-101	-88	-10	-11	-51	286	134	129	-21	-28	-47	-396	-473	0	-21	-19	11	257	-150	236	5	57	-49	141	-427	224	-14	36	-14	-113	-659	-148	6	36	34	26	-300	-186	left
-60	-60	-38	-535	-766	-136	-28	0	150	759	-346	132	-5	6	15	-306	154	-126	36	34	71	1327	419	-77	-12	-28	-59	-1616	-580	-357	24	-26	57	109	495	327	11	37	38	166	-186	-316	9	-36	46	53	573	211	17	-5	-58	-139	350	178	33	35	-3	87	64	-112	-42	-22	-153	252	3710	210	10	10	22	-184	-337	-12	-11	-33	-14	188	-41	-33	25	46	1	38	-351	34	-2	8	60	134	73	-234	13	-29	-87	-517	-215	367	-9	-21	13	281	-228	-9	37	83	2	139	-331	-201	-15	-52	-16	-132	-228	-26	7	-16	7	-64	-202	36	left
-7	-25	44	9	-220	40	14	36	16	6	73	43	8	-15	-19	-331	-149	-55	-3	-5	59	355	-17	67	-10	-5	-34	-135	171	90	-10	-8	-71	15	-292	-42	-16	0	-9	250	-299	153	-6	29	-45	-27	-497	18	-12	-28	10	-181	-267	-28	-12	6	37	41	-565	93	-9	38	56	260	-45	-29	-7	2	-52	-74	7	-23	-4	7	11	45	-533	-342	-8	-15	32	-244	-446	-127	-24	-44	103	91	74	79	36	53	-17	602	217	113	1	-4	0	-646	12	-152	15	10	108	373	33	-120	41	-36	-26	-261	760	143	25	22	-19	150	262	-237	left
-111	-59	-94	-430	4122	628	38	106	12	60	-446	-117	-19	-112	-69	-683	406	44	19	116	81	1787	-344	-170	-36	-87	-161	-1068	418	271	41	66	47	482	-807	-572	8	-56	-69	-744	-480	487	14	22	73	782	-40	-518	28	12	-88	-924	-846	204	-4	-61	62	-283	326	230	32	45	26	752	-706	-249	-14	-28	56	-465	86	31	17	19	-16	621	-328	159	0	18	53	-265	-20	-132	3	-8	-24	252	89	11	-11	-32	11	-218	-24	62	14	44	24	325	-11	-90	-19	-35	-47	-258	61	12	-38	-27	-78	21	-276	214	-19	-10	-120	250	-291	101	left
-10	41	15	-117	-1021	28	-14	32	46	90	-617	2	-35	-25	55	-227	-340	-253	3	27	17	278	-313	9	-26	-23	81	-641	52	-63	22	-2	51	575	411	242	29	43	-50	-198	-162	-113	12	12	70	-196	140	-304	8	-33	46	74	155	38	22	-10	-13	-14	412	-13	-54	-48	-141	-147	4600	610	34	115	77	397	-531	-89	-20	-72	-129	-509	256	-43	23	45	69	849	-388	-322	-14	-57	-86	-989	108	96	49	48	16	529	-854	9	-12	-42	-7	-119	173	-148	40	53	-13	-303	-924	-80	-22	-68	28	247	247	0	10	17	47	114	-598	-40	left
6	-18	-39	9	153	127	-5	-13	44	51	-203	-27	14	39	-17	44	-92	81	2	-28	39	-107	-136	29	4	17	1	70	178	71	4	18	15	-114	-228	-111	-6	-16	-5	32	178	89	-7	-2	-47	-90	-40	-22	-16	-11	-50	91	-356	-33	-8	8	-23	11	-385	-31	-46	-61	-2	-277	-337	4	-4	36	-36	463	-395	384	-25	23	36	-135	-502	131	8	64	15	203	-434	-158	-20	-6	86	-624	-458	-290	8	-27	48	205	161	-31	-5	-23	17	232	-114	45	31	19	91	522	306	-110	14	-12	-64	-542	426	68	29	8	35	282	282	-143	left
-35	-34	-149	-249	4078	209	15	21	12	-1	-241	-54	8	-1	-34	-302	-217	3	-3	23	60	322	-217	-111	-21	-27	-39	492	347	63	36	32	-67	-829	-461	168	-17	-23	118	462	6	-312	22	40	-92	-152	-442	115	-15	-86	-21	-424	198	79	31	81	102	306	-742	-152	-12	-68	-94	380	549	-70	15	30	2	-418	-853	-150	-22	-47	27	-106	108	386	14	24	18	211	-263	-90	9	17	46	-169	-131	-23	-7	-29	-12	143	154	225	28	60	27	83	-123	-180	-17	-39	-12	-370	8	-9	-10	6	30	373	83	29	-11	-17	-135	-183	-119	129	left
-15	-2	18	290	-465	110	-6	34	-32	-170	-344	-168	-15	-24	2	-88	-415	73	-21	14	3	-391	-536	185	0	-19	28	517	-148	-109	-48	-4	-5	-275	-591	12	-13	19	117	838	190	316	19	73	-31	-277	-139	-439	33	-14	72	-37	131	-197	18	-28	-46	-524	-167	-60	94	-43	124	94	1962	125	17	19	20	241	514	-67	-3	-15	-24	-39	323	29	-3	-16	8	-36	234	-45	-26	-22	4	158	297	221	-18	20	30	43	275	267	-13	36	11	283	768	36	-14	30	-73	-286	392	180	6	31	-5	285	307	-472	-31	-70	-110	-363	14	-84	left
-11	17	38	52	-393	3	-32	-37	-66	-436	312	85	31	68	12	372	-539	-25	-23	-62	-57	-270	161	-82	27	56	44	469	-345	-46	1	-30	-95	-461	-37	26	30	25	102	567	-505	-225	6	0	-76	-588	-136	74	7	-17	37	306	-132	-378	-5	-40	0	-154	-258	465	-7	-6	16	209	189	253	23	38	-39	-103	-241	-190	-2	-13	0	-7	-263	146	1	2	34	-2	-138	-245	15	-1	15	-240	-213	91	-8	-9	25	132	128	10	11	19	-2	9	-82	69	-8	-13	23	-239	-22	-111	-1	-2	-7	273	89	113	-12	-14	-43	-162	-2	117	left
15	-12	160	-84	-1012	-457	36	53	-40	371	134	97	-4	-56	30	-364	366	14	11	26	16	540	87	22	-17	-58	-19	-567	542	192	18	51	40	501	156	47	-25	-29	-34	-243	558	157	-1	49	36	182	138	52	-14	22	-25	-53	535	4	-21	-11	-54	-60	106	7	-3	9	-8	31	268	-187	-32	-35	-62	-64	154	54	7	20	3	-115	-167	-7	-12	5	11	105	173	-26	6	1	-67	-188	-291	-32	-7	-11	55	158	251	-190	-8	-17	-62	26	-346	157	10	-18	21	-213	171	190	19	60	-22	249	-297	-214	7	-12	-7	-172	-94	144	left
5	-50	-45	-96	-145	-134	26	67	38	269	-619	-327	-6	-56	-18	-212	-146	270	11	26	1	73	-536	-70	5	-14	73	125	-43	5	12	9	-13	-20	-45	32	0	3	32	50	-2	-17	4	3	-23	-90	-64	6	-2	-23	38	-93	-90	-28	-6	7	17	96	196	96	-58	-42	-154	348	-314	145	-6	7	-53	-253	-650	179	-3	52	1	91	-639	8	-22	7	63	-401	-553	-101	6	-21	41	240	21	-44	-18	9	10	0	-526	-111	-9	5	45	516	52	-79	-20	-3	4	-507	-425	-14	13	24	52	267	217	36	2	4	21	-415	7	-231	left
34	13	33	459	325	90	19	-27	51	-352	296	-293	29	-18	-42	36	524	186	13	-10	47	-128	228	-101	37	-2	-27	14	495	279	-7	-10	48	46	139	-119	25	29	-32	-70	669	148	0	-32	-44	129	-100	-169	-9	4	65	-23	428	187	-4	7	-14	217	507	52	-3	1	-53	-73	146	44	-5	16	1	-63	153	35	-23	18	61	-147	142	8	-22	-4	-2	356	770	-6	-8	1	-83	-155	118	-103	-27	-49	-26	295	115	9	6	62	-30	-414	-326	110	-26	-41	34	436	439	-71	-28	-35	-120	-1009	292	180	40	81	61	940	-648	-239	left
23	-43	160	-436	-3896	-323	36	5	-26	111	433	299	5	-10	3	-139	279	-72	27	40	8	414	292	28	6	-43	-31	-398	481	-100	5	33	0	46	105	41	3	-29	10	-32	335	-10	6	16	-34	62	-9	-83	-22	-48	30	72	185	165	2	28	-11	159	374	79	3	8	38	-188	121	73	-16	24	8	243	572	-70	-12	6	-37	-152	138	16	-17	-21	-13	-98	301	-30	-33	26	-1	54	166	7	-19	-58	-2	180	463	109	2	18	-86	31	138	-17	24	42	-35	-320	-494	91	-14	-19	23	-45	67	-305	-9	19	-26	75	-169	-58	left
-19	-62	-38	-6	-23	163	28	71	53	-90	-295	-138	5	-50	-87	34	-84	224	22	56	100	356	-291	-360	-12	-58	-37	-204	-43	157	13	27	15	138	-56	267	4	-31	-61	-201	140	-217	32	61	5	50	-727	22	-17	-36	9	-65	78	-37	14	48	1	121	-398	-114	-125	-68	63	-316	-2945	-21	10	-12	87	298	165	37	32	44	-21	59	197	2	4	-13	27	-67	-78	-144	19	2	53	-253	424	89	16	-26	-19	-96	516	87	41	58	-23	-39	83	91	7	-41	66	-174	276	-191	24	-7	2	656	694	230	2	-22	-8	-134	246	-104	left
7	16	-36	-288	464	181	-2	6	30	494	176	-124	-7	3	-38	-159	367	75	-6	20	9	13	138	-40	-11	2	-9	158	404	21	-17	-24	-39	-485	290	-35	-13	28	-5	359	-23	-96	-17	-33	1	-235	41	125	-23	-5	-9	-29	335	15	10	38	-8	563	-10	-173	-16	-31	-106	-612	-75	151	-5	-17	75	-7	-42	-64	17	51	-27	278	-140	40	-9	-35	-16	92	116	-79	13	59	28	166	-510	-74	-19	-78	-46	126	342	18	32	65	-3	-206	-388	126	-3	-24	-21	-178	36	68	10	34	21	185	-233	-269	-17	-62	-22	-549	100	100	left
15	-35	-28	-1429	-213	541	-28	-9	-43	-1642	-406	-227	2	-63	-72	1465	1008	-30	11	-51	-10	-786	-1360	95	30	-102	9	415	449	-49	-6	-20	21	110	161	261	25	-51	-6	108	-415	-211	12	-27	28	1149	616	-168	27	-59	21	27	-278	-357	-18	11	-3	1563	1050	-5	9	-16	21	-1484	-995	-24	29	-46	22	-94	-86	232	-15	14	7	816	449	-22	1	-14	27	255	159	-191	30	-20	-19	-643	-495	268	-23	24	33	825	427	-211	10	-14	13	651	263	-102	3	-3	5	-340	-103	30	-7	4	-7	192	109	-72	-1	-3	3	-80	-56	91	tilt_right
-66	56	-152	5949	978	-1546	-11	64	-16	-154	-156	607	-17	141	41	-2543	-573	353	3	71	-38	-356	-73	-259	26	6	16	-256	43	701	-31	53	33	484	-148	375	3	38	93	-842	137	-41	1	37	-23	-2107	-329	-153	-9	25	-35	256	103	-23	3	-26	43	-1008	196	-165	13	-19	-54	-1329	-242	254	4	-19	-47	-82	-313	434	-12	-53	31	-1894	-343	560	-28	-18	-61	306	517	-212	35	-135	-22	-367	-491	637	-26	19	6	1603	8	-757	44	-108	54	-1240	-614	187	9	6	4	1108	452	-595	23	-79	45	1316	928	-83	4	-10	-27	-741	-1022	-24	tilt_right
5	-16	48	858	716	-40	15	-24	27	-321	-143	-28	0	7	10	348	161	77	0	-14	11	568	313	-414	8	-20	-2	-221	-277	160	-3	13	21	39	28	35	-3	4	10	538	125	-114	-6	-10	1	105	25	-37	10	-11	-5	183	-13	92	-9	15	5	-50	-49	32	-56	69	-130	5231	891	-1319	-51	145	-76	1051	451	-683	14	22	-16	-267	-603	-139	40	104	91	-1636	-1008	1493	-5	87	88	-1195	293	-40	22	40	-14	-1335	-306	454	-34	28	32	-236	380	322	18	-22	37	-2187	-92	-23	2	7	-52	-710	119	706	-45	72	-45	-21	-332	-227	tilt_right
25	-64	28	-989	136	-244	-6	-39	-80	-509	-292	253	-36	-22	4	149	399	264	7	-40	-62	-1478	-1438	-509	28	-109	52	2414	1705	191	-10	-7	-36	-1956	-857	568	10	-75	27	217	482	34	5	-7	-43	646	-588	-215	17	-92	49	653	487	-157	-2	5	4	59	-610	-219	31	-47	41	411	554	39	8	5	6	-261	-296	-17	4	-33	5	675	616	-186	15	1	33	359	-205	-189	3	3	30	45	2	-123	11	-46	11	148	48	-67	-11	18	4	-145	-194	197	8	-13	16	247	69	-142	1	-5	4	321	156	50	0	7	-2	30	-5	29	tilt_right
-34	106	-142	5380	892	-1184	-17	-54	29	369	-99	-560	24	52	-13	-1387	314	832	-65	139	-61	1116	346	-147	-8	68	-12	-456	37	453	-18	91	48	-1250	-995	593	-15	44	52	-1468	-337	-185	13	4	9	-959	229	-49	-15	44	-6	-1077	-410	37	13	-27	14	-454	104	-62	5	3	-33	-838	-145	129	5	-4	-28	-952	-549	127	9	-94	29	-2174	-84	647	-36	6	-75	750	727	-337	85	-209	-14	687	-98	843	-88	116	-2	252	-1316	-346	78	-128	41	-31	907	-230	-6	-17	8	169	-108	-116	28	-41	6	-286	-60	-73	10	-39	50	-44	-378	-59	tilt_right
17	-20	52	1246	864	-99	-14	22	11	-62	-62	-548	42	-60	14	-69	-533	185	-46	28	49	918	863	-231	25	-63	-29	232	-149	450	3	23	33	351	23	-11	-9	11	0	480	207	-319	16	-28	-7	-52	-67	110	-8	30	-13	-203	-137	153	-6	2	13	48	48	-131	-28	4	-169	6190	1645	-1540	-38	101	-23	-675	-491	751	-31	123	33	-1544	-101	106	-26	94	-43	-1277	-395	-168	15	30	3	-534	-366	230	-1	33	18	177	-196	392	7	40	38	-17	64	-101	5	14	44	-1679	-108	294	10	18	-27	-1082	-183	372	-26	23	-9	-16	140	-23	tilt_right
-16	13	-39	-1014	-346	-324	36	-77	8	-369	27	91	-22	-4	-44	-535	-312	173	9	-61	13	-172	-16	420	5	-56	-17	-875	-58	164	5	-34	35	61	80	-371	59	-125	-15	139	214	313	-27	-1	11	-917	-779	348	33	-28	28	1246	671	-489	20	-56	46	961	159	-441	5	-8	34	452	282	214	-2	-16	8	-100	-46	-374	-13	-2	-9	333	-48	-504	32	-49	50	908	58	488	-10	47	29	-289	-34	191	-5	-50	-29	581	216	-232	3	7	1	-181	-171	204	2	20	6	165	146	-327	7	-31	-12	376	107	137	-4	13	-4	-415	-277	267	tilt_right
-38	109	-122	4985	1501	-1365	-22	-37	-23	708	-130	-438	-10	56	-12	-1325	-601	931	-22	120	-8	-79	400	387	-24	92	18	134	219	-225	6	18	30	-525	1	-36	-28	112	41	-2256	-1316	772	-8	34	21	-463	315	-338	-1	5	-17	-1261	-301	-1	13	-20	-36	-48	-45	-18	-10	4	31	-1025	2	76	10	-18	-68	-503	-583	-14	24	-73	21	-1143	-389	586	-5	-18	-49	-2428	-1028	170	26	-96	-5	2911	1622	-388	10	-42	-4	211	-228	289	10	-36	40	-1032	-132	-152	20	-57	7	408	349	49	15	-23	0	37	-253	-116	10	-43	50	696	348	-281	tilt_right
17	-24	20	-117	-350	43	3	-14	44	1055	812	-171	-7	-15	4	-236	-292	-283	1	-20	5	1202	729	65	6	-8	-12	-549	-565	207	0	9	14	760	117	13	-2	-7	9	-386	-199	102	-9	17	9	391	212	-152	9	-7	2	-115	-71	-22	-8	1	-7	142	93	52	-6	49	-154	4022	972	-611	-89	83	-5	1343	50	-683	15	45	-33	296	30	-366	-12	115	11	118	-326	101	0	84	65	-1363	-402	-92	28	58	76	-2213	-497	705	17	18	-26	-866	-12	750	-17	43	57	-5	294	600	-5	45	-2	-1059	-110	-399	1	-26	-12	-615	90	53	tilt_right
-4	-25	-37	-760	-292	99	0	-23	-18	-530	-95	320	-4	-13	-6	-374	-163	128	-9	-43	6	-1806	69	630	-16	-14	-104	1906	-117	-812	-28	-3	77	-200	763	228	53	-109	-58	125	-928	-226	-23	-22	25	-2017	43	870	21	-36	-53	1673	-239	-402	-3	-36	31	75	556	-112	10	-24	8	495	202	-126	34	-70	0	-643	-514	78	-8	10	6	731	218	-247	35	-63	12	-682	-377	17	-16	-11	37	699	327	-153	13	0	32	-261	-358	-207	3	-1	28	1963	1001	-310	11	-20	-3	-306	-204	-24	-9	-9	-4	58	-59	208	5	3	8	-294	-144	27	tilt_right
-53	103	-113	4989	1241	-851	-50	88	3	-1268	-34	-244	9	36	-62	-473	-497	-81	-6	54	-18	1616	85	477	-16	87	46	886	45	131	-2	72	130	-1546	-295	-275	5	10	15	-1802	-446	-116	22	34	20	-885	209	120	47	-31	14	-1425	-111	715	-21	37	-62	-223	-135	489	-38	15	23	-274	122	-165	23	-28	-30	-868	-198	-7	6	-46	-1	-806	-23	553	-26	-20	-91	-568	-598	466	-5	-12	5	996	224	-679	15	-90	29	-805	-159	314	-6	-26	-61	-841	72	297	2	-59	27	22	-170	-69	21	-21	-40	477	-162	-453	28	-88	44	747	456	-16	tilt_right
6	-24	24	-41	-368	-183	27	-42	21	316	316	-150	24	-45	43	-50	-147	258	-20	28	33	261	259	-319	13	-20	42	-167	-101	-343	-6	-17	-1	1452	627	-349	6	-9	18	152	-259	283	7	-6	22	-593	-262	249	-4	21	19	613	324	-204	0	-43	-4	766	286	-187	-58	71	-138	5011	704	-871	-2	85	-62	-939	-266	125	-43	84	-89	905	348	-520	6	34	-16	663	-5	696	-23	145	108	-531	-208	469	3	62	74	-2655	-404	76	-8	47	8	-328	-118	-419	39	-42	40	-1073	-90	66	25	-19	13	-1766	-256	707	-28	43	-55	-335	78	313	tilt_right
-23	31	-22	-432	-102	238	14	-31	-14	-151	-444	-91	-11	-21	8	-1102	-128	617	13	-76	-60	-3088	-923	420	-32	-20	-52	2830	464	-614	46	-87	7	-721	381	273	-12	-40	39	-551	-687	-592	32	-49	2	1257	995	-302	37	-77	8	-154	-549	135	4	-12	35	841	382	-217	12	-42	26	643	418	-192	-12	13	1	234	-21	-182	17	-40	29	-417	-143	-141	4	-39	2	215	140	595	-11	21	25	305	-248	-274	10	5	29	911	472	-108	4	-6	17	-373	-107	-160	3	-30	-5	143	113	212	-12	15	2	341	45	196	1	3	7	133	23	-203	tilt_right
-61	90	-133	5554	1465	-1195	-48	118	-84	1672	786	-489	-14	57	-49	-72	-417	223	-24	143	91	-2365	-1652	799	17	44	126	-2128	-35	-229	24	19	17	-2052	-40	567	-14	29	-67	238	-211	-83	22	-31	42	-636	45	249	-14	33	9	171	-167	334	27	-17	22	-1312	294	252	-50	63	-73	145	-268	53	6	-23	24	113	82	-332	13	-45	7	-1318	-342	91	13	-61	-40	-1883	-545	751	-11	-49	-99	-1351	-600	160	7	-31	-61	1921	-84	-234	2	-39	101	2007	1431	-759	42	-106	4	-2805	-313	463	7	-37	-52	195	-47	384	11	-18	15	570	-453	89	tilt_right
-3	-41	82	1115	576	-978	32	-71	11	-400	-244	454	2	13	45	736	388	-314	33	-36	28	-492	-283	239	-22	24	19	2003	819	-449	11	-23	-4	249	-318	-69	7	6	32	-48	-7	-20	8	-21	-1	-125	143	144	-20	17	-12	258	-31	-112	17	-20	6	27	66	54	-186	491	-107	3508	-57	-855	65	-39	66	-1330	-233	-185	-7	63	20	-1357	180	1002	-27	48	-27	-592	151	-414	33	-25	-4	-305	-35	166	3	-7	-14	-409	-111	317	0	-7	-3	26	-68	52	-9	1	12	-591	-67	90	30	-65	-8	-1874	-313	636	-31	-70	-44	-2102	-146	1319	tilt_right
-27	-7	-100	-235	-1054	-882	5	-70	-23	1095	900	-243	50	-86	-11	913	-721	-137	8	-26	45	-61	173	40	29	-55	30	751	258	-658	31	-51	13	742	409	204	-1	-14	39	-438	-186	-126	13	-12	20	318	-110	-7	9	-4	34	975	748	-596	22	-67	16	247	97	226	-17	26	-7	-147	-217	268	6	6	44	92	179	-182	4	-6	-9	418	142	-137	-2	-22	-10	197	-124	128	-1	18	12	82	38	-15	3	10	14	73	87	-46	-5	-9	-4	-30	102	-48	3	-8	-17	-19	-64	38	-3	-1	4	14	-44	56	1	0	10	-49	26	-28	tilt_right
-4	11	7	60	-21	-82	7	8	2	354	161	19	-25	64	-6	2139	608	-506	44	-97	24	2390	542	-299	27	-108	51	-76	-590	151	3	-68	31	1121	868	-350	33	-114	-36	-1062	-675	368	17	-102	6	-599	300	183	10	-23	-55	-551	-165	227	-2	-34	-59	-26	55	-279	5	-46	-61	-891	-320	-20	-17	13	-26	-1335	-353	37	4	-40	-23	-1258	-450	267	-20	33	12	182	237	57	12	-30	-19	-647	-232	231	-8	29	-5	60	-1	-54	-4	-15	20	8	-1	-1	1	3	-12	140	16	75	1	2	4	-154	-79	29	-7	24	-5	-101	69	-117	tilt_left
-16	42	151	-7996	-820	509	-9	199	20	235	-60	-127	3	116	59	7000	916	200	10	-70	70	-2440	-481	-261	-19	89	-30	2872	374	109	14	6	4	-550	-23	-395	-1	-4	-8	991	6	60	5	-16	24	211	45	-67	-6	7	1	-83	37	150	5	6	-4	289	55	-89	-11	36	5	1342	201	-177	6	-54	-21	3143	354	-19	17	-162	26	-140	353	41	9	-33	-75	175	-299	-97	4	-91	-35	16	279	-309	6	-48	-90	-887	-291	-181	-10	-59	2	-950	-261	119	-14	6	-54	-978	-8	115	5	-3	-17	-1021	-295	388	-15	28	-22	-381	-49	-54	tilt_left
7	-28	-24	-321	5	-110	-7	-14	17	-271	-125	299	1	9	-8	59	95	-51	1	9	-4	-324	-76	54	-4	7	6	162	-7	-43	-2	15	7	-167	38	-16	1	-26	-3	149	-8	34	-4	17	4	-38	5	31	5	-7	-6	2	21	-30	-2	4	3	144	14	7	-1	101	143	-7561	-950	236	8	122	91	2685	616	111	2	44	35	2039	77	284	-14	28	48	-1421	19	-127	-5	108	-77	697	410	-81	19	38	-5	1873	-85	-66	-2	11	-2	79	-108	44	-10	20	-12	1016	28	-262	7	-11	-4	375	-83	22	-11	2	13	311	35	-75	tilt_left
6	8	4	47	63	-78	1	11	17	630	115	-57	4	27	-12	2318	313	-178	5	-98	-19	3588	339	45	-8	-148	63	-78	906	-807	48	-155	-73	-2376	-978	299	-31	3	8	-304	189	-47	16	-41	-82	314	57	-168	-12	-48	-62	-781	-261	-180	-3	-28	-46	-894	-412	251	-20	-17	-24	-1305	-23	337	4	11	-16	-1188	-173	358	-17	19	-10	131	-9	17	10	-28	1	-747	-183	107	-4	17	18	292	59	76	0	5	2	96	26	-34	2	-5	-1	-108	33	-93	3	-10	-6	129	-76	148	-5	4	17	-17	21	-42	3	5	-10	94	8	44	tilt_left
27	102	139	-7139	-625	590	-1	116	76	778	196	20	-5	135	19	2937	422	180	-10	-5	42	-634	137	-317	12	119	-51	1620	105	-356	30	-5	-33	1420	-227	242	-24	25	28	1565	-193	-174	-3	-35	50	-81	111	-324	8	-19	-16	211	61	206	-13	55	3	1205	201	-292	-3	-65	-5	3179	2	-104	18	-159	32	945	805	-225	6	-83	-31	-1506	-709	380	-16	-14	-32	918	763	-569	12	-128	-85	-965	-162	-188	5	-36	-38	-1696	-484	107	-14	1	-36	-590	-28	-12	-3	4	-29	-369	-224	280	-4	-28	-33	-810	-152	100	-28	48	-5	119	17	203	tilt_left
13	-60	-17	-972	37	57	-8	42	-6	142	-89	203	4	-31	8	-201	37	-46	4	36	-10	-80	-21	34	-3	-3	7	-219	-12	-13	3	2	-3	92	-13	-79	0	-13	13	-16	61	8	2	11	-9	96	-53	81	1	-8	-1	-145	-33	25	-1	-14	7	-349	-131	339	-14	37	164	-5868	-656	19	2	88	31	-379	-6	-346	-5	125	35	209	209	-34	9	174	-8	5202	437	700	-34	-19	131	-940	194	-812	17	56	-86	1619	143	-39	8	-77	53	313	117	-349	32	33	-66	922	-363	583	-44	-5	92	336	165	-301	24	-6	-26	728	37	177	tilt_left
-13	-41	-4	2148	395	-30	13	-100	-6	1010	80	290	-6	-51	-39	1002	629	-295	26	-102	-67	-739	-57	-332	12	-55	-95	-133	118	-149	3	-50	-59	-1585	-682	-143	-17	3	-14	-1411	-330	192	-9	-13	0	-1383	-166	86	-16	32	-28	354	129	99	19	-39	-12	-788	-58	118	-23	30	6	-72	-28	13	15	-26	3	-176	1	6	-9	14	-4	160	-179	181	-5	11	10	-174	112	-175	8	-12	-3	25	-36	98	-1	1	-3	-42	-48	28	-1	3	7	129	58	-20	2	-6	-2	-135	-18	27	-6	9	-4	123	-12	-14	-2	-4	18	-91	-21	-2	tilt_left
8	3	155	-6373	-576	468	-7	119	58	-666	568	-283	5	151	11	1531	558	-120	10	109	2	3171	240	-108	47	37	-25	797	-696	372	-11	26	-12	2043	-907	69	-33	-72	117	382	389	-323	-1	4	-4	-665	255	107	-14	20	-14	410	134	-279	18	-47	15	-130	161	-69	-1	47	-25	912	-64	182	2	-35	-17	2311	34	63	-16	-90	13	1086	181	-86	19	-107	-12	-233	93	111	-9	-56	-57	15	377	-180	15	-70	-56	-175	15	-147	5	-14	-46	-638	-108	38	-6	-35	-61	-958	-100	-112	-10	21	-16	-1290	-284	-22	-6	10	-24	-196	-24	-181	tilt_left
-8	-31	-38	-42	-161	1	0	2	15	-733	-96	301	-10	16	-19	-287	-54	80	12	-13	20	-179	-2	119	-11	0	-15	103	107	40	12	12	0	-45	-4	-35	-7	-5	4	-158	-27	-80	3	-6	-1	218	3	151	0	16	7	-98	-6	-33	3	-1	-11	-47	15	-8	15	8	161	-4404	-547	340	-7	48	72	-387	158	-75	4	83	7	-192	40	-99	-6	82	36	1149	288	25	-1	78	11	93	-31	181	-9	118	-10	2605	123	7	12	-15	29	886	-94	-425	4	-26	13	579	-85	159	-13	-9	15	-202	53	-194	-14	21	-1	358	-50	9	tilt_left
18	-36	20	-359	311	-263	-4	1	-26	214	78	44	11	0	-7	539	49	48	12	3	-31	2466	156	290	-31	-67	36	867	337	-318	43	-107	-63	593	-75	-323	-7	-98	-5	-400	195	239	11	-27	-61	-884	-205	-158	-15	-22	-59	530	29	-185	2	-57	-59	-1138	-327	81	-4	-3	-36	-1381	-251	76	-5	12	-8	-567	-226	381	-9	-12	14	-338	133	-55	1	0	-23	-670	-117	84	11	-7	12	86	-1	80	-14	24	3	-1	34	-50	4	-3	0	182	32	37	5	-5	3	-360	-71	50	-7	3	5	266	78	-21	3	7	-4	-192	-11	-42	tilt_left
-2	35	153	-5597	-655	553	-24	121	56	1086	387	-112	7	44	33	-1526	227	-237	-2	149	-25	2739	184	292	16	63	5	1646	250	-290	21	27	-2	1007	-334	99	-9	-6	12	975	-375	-79	-19	-35	31	380	94	-351	11	-32	18	-221	84	240	-20	20	6	-208	224	-172	22	-14	-18	20	25	-8	-7	18	1	260	61	41	5	8	-14	1485	73	25	-2	-55	-1	1526	30	37	12	-83	0	618	3	268	-1	-68	-10	-16	75	-38	17	-92	-31	432	251	-24	-3	-43	-12	-1618	117	-305	7	-26	-62	-87	-129	-148	-10	-6	-33	-140	83	-103	tilt_left
7	-46	-61	-200	-85	-29	-7	26	-27	-262	-210	149	-12	-1	6	-956	-23	-101	2	-11	-56	-1018	-298	-81	-15	18	6	186	-18	93	8	-43	15	-660	-149	193	-1	20	-4	501	96	139	-4	-7	11	-462	-1	-32	5	14	-12	93	39	43	-5	0	11	108	-50	5	-9	-33	158	-7636	-366	-172	-10	137	39	-603	895	526	31	190	-29	2631	229	391	16	89	-6	3013	-556	698	-60	94	105	549	-293	-541	5	23	-66	671	156	-602	31	-36	0	1541	-65	-374	9	-31	37	-255	-107	206	-31	48	-7	556	56	-237	15	-38	18	316	31	27	tilt_left
-17	25	6	402	223	-245	20	-21	-21	1623	61	7	-1	-81	36	420	299	-182	29	-89	-3	-399	-62	426	-20	9	-21	687	-28	-169	6	-92	-16	1167	77	-254	10	-91	-25	-799	265	-470	12	-33	-37	-310	-338	660	-20	-32	-34	236	253	-116	12	-51	-75	-922	-273	26	-11	-1	-17	-820	40	108	-8	8	-26	-1378	-288	37	2	6	-15	-17	19	130	1	-19	-17	-1029	-267	-90	-3	23	9	661	25	106	-4	-22	26	-546	31	21	2	18	-21	522	17	91	-5	0	14	-260	-42	-139	7	-6	-8	16	19	69	-8	15	3	-60	-25	1	tilt_left
-8	75	153	-5951	-596	472	-2	81	57	-1295	337	-9	15	121	-3	1043	566	663	-14	198	-36	3139	-165	-396	1	10	43	1309	-192	-246	-2	9	-3	1442	37	-44	-26	-32	55	84	196	-631	46	-10	-85	-188	-191	157	-25	6	9	812	-1	97	5	-8	16	-222	48	21	-3	25	0	651	-61	6	5	7	4	1224	113	-146	-2	-49	14	2828	160	331	-12	-126	75	-127	691	-391	26	-90	-5	-2006	101	-133	18	14	-89	68	-344	-115	-17	-50	1	1664	58	-409	9	-83	-63	1377	169	-301	5	-131	-60	-767	-150	238	-6	-16	-26	-2467	-500	447	tilt_left
-15	36	-42	-608	25	276	5	-1	-16	-1060	-210	28	-5	9	-5	-530	16	109	0	-7	-15	-428	-16	-106	-1	10	-9	584	7	69	0	2	10	-380	-3	-13	2	0	-20	-36	-54	16	-6	2	10	-173	-61	-73	1	-1	3	105	48	-41	-3	-21	9	-69	6	73	4	53	147	-8137	-668	282	-9	65	54	-354	201	120	7	215	-12	1903	746	713	-19	151	5	3575	161	-286	1	51	-7	583	-56	-389	28	1	-34	1198	-199	-448	8	-46	19	757	-247	303	-12	23	14	658	-82	51	-21	-3	32	11	60	-281	15	0	-24	185	-2	122	tilt_left
-16	17	14	358	69	-110	3	1	26	750	214	-166	23	-26	-35	1277	-102	193	-26	-52	34	2162	237	-4	-6	-107	11	1501	332	-634	38	-149	9	23	381	290	12	-74	-50	-819	316	37	-1	-67	-66	-510	56	-247	16	-50	-59	-1881	-524	64	-24	11	-45	-1210	-387	78	-3	-7	-19	-839	-128	146	-5	9	-21	-743	-197	-10	2	-4	14	-392	-94	96	-1	0	-14	-97	-69	78	-3	1	19	-89	-30	29	4	-14	-12	89	25	-55	-1	9	13	-33	-46	128	-2	9	-3	105	85	-71	0	-11	-11	29	-82	41	-2	13	16	-180	34	-67	tilt_left