AccX5,AccY5,AccZ5,GyrX5,GyrY5,GyrZ5,AccX6,AccY6,AccZ6,GyrX6,GyrY6,GyrZ6,AccX7,AccY7,AccZ7,GyrX7,GyrY7,GyrZ7,AccX8,AccY8,AccZ8,GyrX8,GyrY8,GyrZ8,AccX9,AccY9,AccZ9,GyrX9,GyrY9,GyrZ9,AccX10,AccY10,AccZ10,GyrX10,GyrY10,GyrZ10,AccX11,AccY11,AccZ11,GyrX11,GyrY11,GyrZ11,AccX12,AccY12,AccZ12,GyrX12,GyrY12,GyrZ12,AccX13,AccY13,AccZ13,GyrX13,GyrY13,GyrZ13,AccX14,AccY14,AccZ14,GyrX14,GyrY14,GyrZ14,AccX15,AccY15,AccZ15,GyrX15,GyrY15,GyrZ15,AccX16,AccY16,AccZ16,GyrX16,GyrY16,GyrZ16,AccX17,AccY17,AccZ17,GyrX17,GyrY17,GyrZ17,AccX18,AccY18,AccZ18,GyrX18,GyrY18,GyrZ18,AccX19,AccY19,AccZ19,GyrX19,GyrY19,GyrZ19,AccX20,AccY20,AccZ20,GyrX20,GyrY20,GyrZ20,Label
26.4,-20.8,-16,-212.2,208.8,166.2,14.6,12.2,-23.4,-159.2,197.2,112.8,23.2,13,-27.8,-105.8,117.8,29.4,40,16.4,-50,-17.2,-52,-11,45.8,23.2,-51.8,-1.4,-279.6,-54.4,33.2,25.4,-46.6,247.2,-557.2,-138,32,9,-27.4,360,-825,-233.8,-6.4,-5.2,11.6,234.8,-777.6,-254.6,-25.2,-14,18.4,237.6,-640,-198.2,-41.6,-30.4,32.4,147.8,-544.4,-190.8,-47.8,-16,64.2,-91.6,-357,-193.4,-49.4,-0.8,62.8,-138.2,-4.6,12.6,-52.6,-23.4,30.2,-92.8,473.8,195.4,-24.4,-23.8,21.8,-90,555,163.8,38.4,19.4,-7.8,-192,292,100,-7.4,18,-16.8,-149.6,279.6,89.8,up
14.8,-6.6,-18.8,-200.6,392,146,22.6,23.2,-37,-66.4,126.4,-1,40.8,16,-50,43.2,-85.8,-21.8,47.8,18,-58.6,95.2,-412.6,-5.6,35,28,-53.2,263.2,-699.6,-126,10.4,0.4,-9.6,327.4,-851.4,-220.4,-9.4,-13.8,7.4,340.4,-801.2,-151,-28,-6.6,14.8,236.2,-730.8,-183.6,-46.6,-9.4,55.2,42.8,-631.6,-287.8,-63.6,-23,75.8,61.4,-183,-78.6,-71.4,-43.2,70.4,-24.2,394,54,-11.4,-16.6,30.4,-221.6,604,174.4,21.8,20.8,-13.6,-225.4,367.2,163,-7.8,-6.2,-4,-145.2,298.4,90.2,0.2,3.4,-1.8,-137.6,446.6,91.2,26.6,8.8,-17.8,-40.6,264,122.8,up
1.4,1.4,22.4,-77.4,408,102.2,38.4,21,-50.2,-3.2,-136,-41,44,25.6,-48.4,77.6,-373,-84,31.8,20.8,-26.4,244.6,-536.2,-140.8,22.4,10,-25.4,367.8,-603,-158,3.4,0.4,-3.2,273.4,-700.8,-177.4,-12.8,-7.6,16,284.2,-668.8,-148.2,-52,-23,27.8,269.6,-551.2,-202.6,-43.2,-19.2,31.8,96,-431.2,-166,-54.6,-24.6,46.6,-119.6,-190.4,-55.4,-70.8,-27,79,-202,281,7.2,-27.2,-6,41.4,76.8,591.4,163.2,20.6,-5.2,-34.2,-175.8,411.8,247.2,-1.2,3.8,-8,-439.8,199.8,26.6,2,18,22.2,-13.4,402.6,49.2,23.4,-3.8,-29.8,141.2,366.8,198.4,up
-1,-5.6,-10,-140.2,422.4,134.6,19.8,-6.8,-41.8,-218,306.2,126.8,42.6,15.4,-37,-163.2,155.8,50.6,42.4,28.6,-34.8,-80.2,-49.2,-51.6,37.6,27.2,-47.8,31.2,-244.8,-80.2,48,16.6,-53,216,-465.4,-71,43,25.8,-29.6,239.4,-705.4,-201,7,6.8,2.8,397.6,-763.2,-213.2,0,-0.6,11.8,428.8,-671.2,-221.6,-16,-21.2,20.8,237.6,-658.4,-190.4,-32.2,-14.6,32.6,188,-488.8,-182.2,-63.2,-9.6,50.8,17.6,-265.4,-230.2,-75.8,-36.6,57.4,-124,9.4,-63.6,-34.6,-51,44.2,-203.4,389.2,197.8,-2.6,25.4,17.6,-161.2,567.6,191,-4.2,15,-14.2,-155,349.8,74.6,up
14.4,17.8,-14.8,-314.8,221.8,58.4,21.8,12.8,-18.8,-113.6,304,96.6,36.8,3.6,-50.2,-152.6,70,85.8,44.4,30.6,-61,-123.2,-178,-26.8,44.2,54.8,-41.8,91.6,-389.4,-106.2,34.8,32.4,-22.8,283.6,-570.4,-171,25.8,15.2,-20,471.6,-642.8,-291,3,1.2,-4.8,477.8,-621.2,-275.6,-2.6,-4.4,16.6,299.8,-680.2,-229.2,-18.4,-12,23.6,336.8,-566.4,-253.8,-44.4,-29.4,37.2,179,-404.2,-286.6,-55.4,-29.2,45.2,-43.8,-263.8,-86.2,-68.2,-42.6,59.4,-219.6,73.6,20.8,-34.8,-9.6,56.8,-194.6,487.2,53,-2.8,4.4,-1.6,-106.6,510,228.4,2.4,-9.2,-24.8,-220.4,329,278.8,up
24.8,22.6,-26.4,-166.4,210,96.8,28,9.6,-27,-175,149.6,36.6,27,27.6,-36,-1.6,59.8,7.8,41.6,18.2,-47.8,-38.2,-230.2,2.6,57.4,39.2,-47.2,107.4,-454,-126.4,30.6,34.8,-11.4,353.6,-546.6,-296.2,39.4,20,-13.6,473.6,-645.8,-341.4,-12.6,-31.8,6.8,377,-715.2,-198.2,-34.8,-16,10.8,240.2,-647.6,-206.6,-35.6,-10.8,32.4,75.8,-534.4,-276,-40.2,-35.4,45.4,122.8,-237.2,-74.2,-74,-48.8,53,-143.2,10.8,7,-54.4,7.8,40.8,-231.6,223,-35.2,-9.4,-6,20.6,-79,458.4,245.2,-6.2,-25,-3.8,-144.4,473,259.6,7.4,12,-6.4,-221.8,308.2,47.2,up
9.6,4,-9.2,-348.4,239.8,86.6,26.4,21.4,-7.6,-169.4,229.8,-26,31.6,8.8,-38.4,78.4,160.8,67,23,-3.4,-39.6,-116.4,1.4,66.6,52.6,44.2,-38.2,-169,-301.2,-165.6,51,30.2,-36.4,211.2,-417.4,-114.4,42,30.6,-23.2,414.8,-528.4,-138,14,-3.6,11,320.2,-600.6,-226,8.4,9.4,5.6,260.6,-543.6,-218.8,-15.2,-20.2,18.2,256.2,-464,-127.4,-9.6,-0.4,21.6,152.8,-460.6,-201.4,-38.2,-31.2,30.2,61.4,-240.4,-64.6,-55,-26.8,34.8,-14.6,-59.2,-100.6,-28,-5,16,-99.4,-40.2,-73,-27.6,-4.4,3.6,-70.2,37.2,43.2,-56.8,-35,29.4,-90.6,191.4,60,up
15.2,5.6,-19.4,-134.2,380,192.2,-1,-1,2.4,-4,-39.6,-3.4,-5,2.2,4.8,30.6,1,13.2,-3,-5,2.2,1.4,10.2,-0.2,-7.4,-2,10.4,-38.2,40.6,15,-14.6,-2.2,23.6,-15.4,191.2,71.8,-19,-9,21.6,2.6,334.4,138.2,1.4,-6,5.2,-102.6,376.2,120,4.8,3,-0.2,-139.6,389,84.6,9.4,-11.2,-11.8,-107,349.8,87.8,21.2,-2.2,-25,-113,265,137,36.6,18,-39.6,-163.2,161.2,87.2,36.6,26.6,-48.4,-120.4,-49.4,-51.6,47.4,23.2,-39.4,123.4,-317.6,-84.8,54,30.8,-29.8,251.4,-498.4,-73.6,42.8,27.4,-16,264.4,-680.8,-235.4,up
-60.6,-30,45.4,-78.6,-192,-177.4,-37.2,-5,27.6,-151,-35.6,5.2,-44.2,-15.8,30.8,-13,281.4,226.6,-42.6,-14.4,42.6,-88.6,568.8,107.8,12.2,7,-8.6,-110.6,423.4,90,21.4,7.2,-34.4,-92,217.4,149.6,-2.4,-3.8,1,-92.4,243.4,136.4,13.8,15.4,-1.8,10.2,191.4,-0.6,14,-5,-29,95,66.6,55,13.4,1.4,-16.2,-70,-114.4,-20,-4.8,3,3.8,-36.6,-95.2,-24.8,-21,-4.6,19.2,-2.6,38.6,27.8,-17.6,-1.4,28.8,40.2,188,62.6,-4.8,-2.2,21.8,-35.8,284.4,75.2,-11.2,-12.2,7,-96,366.8,114.6,-2.4,-12.6,0,-155.8,353.6,134.6,up
58.6,28.8,-45.8,-40.2,-133,-89.8,37.8,24.2,-40.6,224.6,-380.6,-82.4,32.6,13.4,-16.4,383.4,-614.4,-116.8,31.4,3.2,-8,269.2,-717.6,-120,-20.8,-2.8,14.4,199.2,-631.2,-185.6,-33.8,-5.4,23.6,315.4,-533.2,-163.6,-30.2,-26.2,38.6,174.8,-381.2,-253.8,-41.8,-25,30.2,34.4,-182.8,-54.8,-58.8,-16.4,17.2,-177.4,-136.2,-27.2,-51.8,-13.2,36.4,-228.8,79.4,-22.2,-43.2,-2.6,56,-18.8,448.4,88.6,-7.2,-10.8,-1,-60.2,540.6,247.4,14.8,-4.4,-27.4,-307.6,293.4,88.8,9.4,9.4,-4.4,-102.8,220.6,93.4,4.6,18.4,-3.2,8,256.4,77.4,20.2,-9.8,-22.4,19.8,115.6,62.8,up
-11,-13.6,1.6,-142.8,401.6,114.8,22.6,6.4,-25.6,-91,323,41.6,24.8,9.4,-39.4,-165,183.6,41,30.4,19.8,-37.6,73.8,99.4,44.2,41.4,6.6,-44.8,10.8,-125.8,2,49.6,21.2,-37,-27.2,-291.4,-24.2,40.6,32.8,-33.6,213.4,-452.6,-11,64.6,30.8,-9.2,303,-718.6,-169,11.6,-3.6,20,284,-701.6,-203.6,-35.4,-12.8,16,270.8,-495.8,-156.4,-24.4,-12.6,12.2,62.4,-459.8,-162.2,-27,-24.4,42.6,38.4,-308.2,-119.6,-47.6,-11.6,28,83.4,-113.4,-36.2,-40.8,-13,10.6,-146,-118.6,-94,-38.2,3.2,18.4,-79.2,37.6,-33.6,-53.2,-38.6,36.8,56.8,334.4,130.2,up
24.6,3.2,-19,-53.4,281,95.2,-2,-6.8,2.8,-156.4,-16.2,-48,-22,-1.2,20.8,-13.4,106,77.6,-15.8,-0.6,38.4,30.4,245,120.4,-4.6,-6.2,26.6,31.2,452.2,119.8,-10.8,-17.4,-10.8,-231.6,418.8,74.8,6.2,-4.8,-16.2,-253.8,277,96.8,29,15,-18,-94.4,200.2,48.2,31,12.6,-34.2,-57,157.8,-28.2,29.2,13.2,-42.8,-14.2,50.4,-2,52.4,17,-51,-3.4,-185.6,-39.4,64.4,21.2,-27.8,100.2,-508.4,-83.6,45.4,30.4,-6.2,321.8,-613.2,-135.2,19.4,0.8,-0.2,280,-631.6,-161.6,-13.2,-10,8.6,163.4,-609,-127.8,-30.4,-3,25.6,112.6,-554.8,-116.6,up
-39.2,-6,42,-60,500,103.2,8.8,1,-8.8,-77.6,430.4,110.4,11.8,-7.2,-22.2,-89.8,254.2,92.2,7,1.6,-11,-138.4,235.4,38.2,12.2,16.2,-7,29.2,187.6,85,17.4,-7.4,-22.8,-11.6,55,19.8,9.8,7.2,-14.4,6,-60.6,-46.2,-8.2,-4.2,2.6,64.4,-44.6,20.6,-16,-12,30.8,-88.4,83.4,55.4,-22,-5,42.6,-26.6,336.2,114,-17.2,6.4,13.6,103.4,477,155.6,1,-14,-15.4,-151,379.8,93.4,11.6,-16.8,-13.6,-325.8,295.4,76,15.6,21.2,-17.8,-53.4,355.6,116,29,18.2,-28.4,-2,250.2,10.2,54.2,12.6,-53,-205.4,-79,-133.6,up
-18.4,-8.4,14.4,186,-655.2,-192.2,-38.6,-2,27,147.4,-481,-191,-48,-19.4,30,208.6,-293.2,-115,-43,-12.4,28.6,-66.4,-153,-36,-58,5,25.2,-224.8,-55,-67.4,-60,-22.6,36.6,19,243.6,-34,-26.2,-5.8,40.8,-55,464.4,38.8,3.4,8.4,-3.4,-140.6,432.4,195.4,9.6,-2.2,-18.8,-58,285.8,105.4,0.4,-11.4,-7,-45.8,285,32.2,15,17.4,-3.6,-72.6,211.8,89.4,20.4,-5.4,-18.2,39.6,97.4,77.2,6.8,7.6,-11.8,20.2,9.8,-15.6,3.2,-5.8,-6.8,-34.8,-42.2,-18.4,-4.2,3.2,5.8,19,-15.6,-2,-17.6,-1.4,25.6,25.8,71.6,33.4,up
54.6,16.4,-30.6,-66.4,210.6,77.8,30.4,15,-18,216.2,-482.6,-105.2,9.6,10.8,7.6,235.4,-455.2,-174.6,16.8,6.6,8,201.8,-463.6,-193.8,-17,-13.4,7.6,192.4,-461.4,-181.6,-27.8,-15.6,14.8,174.2,-378.2,-119,-32.2,-15.2,19.4,-0.4,-268.8,-107.4,-40.4,-10.2,10,25.8,-155.8,-73.2,-56.2,-25.6,24.2,-28.4,-23.6,-18.2,-29.2,-12,37.8,-181.8,138.8,29.4,-15,1,20.4,-76.2,374.2,134,-13,8.4,-14.8,47.6,368.8,158,-6.2,-10.8,-10.6,-223.4,186.8,40.8,16.8,7.6,-3,-102.8,216,62.4,7.2,13.8,-10,103,222,127,7.2,-6.2,-19.6,-77.8,35.8,2.2,up
1.8,-10.8,7.2,-75.2,291.4,58.8,17,1.2,-19.8,-56.2,288.4,99.6,22.2,1,-21.8,-18.4,197,93,41,6.2,-32.2,-140.2,-4.2,11.2,51.4,23,-37.4,-42,-204.8,-32.4,44.4,25.8,-17.2,80,-354.4,-76.6,46,6.6,-6,152.4,-483.8,-136,17,9.8,-1.8,186.2,-537.4,-138.6,-17.4,-4.4,17.8,146,-461.4,-184.2,-17,-8.8,14.2,54.4,-355,-120.6,-18.6,-10.4,19.2,60,-269.8,-77.6,-27.6,-6.8,18.2,83.2,-143.8,-60.6,-37.6,-15.6,9.4,7.2,-75.4,-49.6,-31.6,-4.4,7.6,-55.2,-37.8,-23.4,-24.4,-2.8,14.4,-35.4,56.6,1,-27.4,2.6,23.4,38.4,219.2,30.2,up
16.8,-3.2,-20.8,-86.2,194.6,61.6,-4.4,-1.8,6,19.4,-33.2,-1.8,-14.8,-5,19.6,-56.4,45.8,21.2,-16,-4.8,28.2,-25.6,190,58.2,-13.2,-3.6,20.8,-23.4,361.6,83.4,-11.6,-6.2,-4.8,-108.4,444,130.2,16.4,-3.4,-12.2,-204.4,308.2,104.2,28.4,14.6,-7.6,-73.6,192.8,50.4,24.8,8.8,-22.6,5.8,171,35.8,20,-4.4,-36.8,-89.8,80.8,69.6,49,20,-26.8,-54.8,-121.6,16.8,34.2,23.8,-31.2,53,-281.2,-35,55,30.4,-13.8,138.2,-423.4,-63.4,34.2,20.4,6.6,227.2,-422.6,-143.6,7.8,7.6,1.6,242.8,-380.2,-240.6,-8.6,-6.8,-7.4,153.6,-466,-221.2,up
-44.6,-25.8,35,5.8,2.4,6.2,-39.6,-14.6,25.8,-32.6,273.2,89.8,-13.6,-7.2,2.8,-197.8,338,233,4.4,-5.4,5.4,-202.6,284,108.8,5.4,18,4.2,-36.8,269.2,36,4.2,7.8,-18.8,42.8,243.8,137.4,10.2,-10.6,-15,-98.6,108.6,48,10.6,7.4,-8,-96,41.8,2.4,7.6,9.2,-10,41.6,25.8,16.2,0.4,0.6,-5.2,10.4,-18.2,-2,0.8,-2.8,1.4,5.2,-31.2,-14.8,-0.4,-2.2,0.6,-23.2,-28.8,-5.2,-4,0.8,2.6,5.6,4.4,18.6,-4,-1.6,1.8,1.2,6.8,9.2,0.2,3.4,0.6,-22.2,5.4,-0.6,-1.8,1.2,-0.4,10.4,21,7.4,up
-11,-19.6,-14.2,-203.4,349.6,294.2,9.8,10,-25.2,-147,279.6,263.6,49.6,25.6,-37.6,-181,102.2,52.2,64.4,40.8,-55,-129.4,-207.6,-33.8,45.2,43.2,-38.2,243.6,-501,-148,20,13.4,-11.6,356.4,-600.4,-209,29,7.6,2.6,150.8,-639.8,-325.4,-5.2,3.4,16,276.2,-533,-287,-15.4,-14.2,30,281.2,-529.8,-320,-25.6,-15.4,24.4,69.6,-424,-217.2,-62.2,-50.2,35.2,112,-90.8,-13.2,-54.6,-44,40.6,-207.6,147,-13.6,-19.2,25,33.8,-152.8,209.2,40,-20.6,-7.8,5.8,-47,333.6,250.8,-6,-28,-9.8,-125.4,356,143,6.6,18,-5.8,-204.8,211.8,78.6,up
40.8,23.6,-22,45.2,115,98.6,16.6,12,-5.8,236.4,-499,-190.2,15.2,-2.2,6.2,232.4,-472.2,-226.4,-19.8,-10.6,11.6,244.2,-425.8,-184.6,-12,-14.6,17.2,89.2,-451.4,-139.4,-23.8,-19.2,20.2,116.2,-301.4,-26,-49.8,-29.4,23,41,-97,-40.4,-47.4,-14.8,24,-168.8,-73.6,-97,-15.8,-15.6,19.4,-74.2,7,116.8,-43.2,-9.8,24,-32.8,254.2,143.8,-27.4,-5.2,24.4,-118.4,346.4,76.8,-0.8,8.4,-6.2,-98,274.2,120.2,11.2,-1.6,-17.6,-116,226.4,99.6,-5.6,9.2,3.6,-42.4,230,50.4,13.6,8,-8.8,-23,164.2,26.2,8.8,-3,-16.6,55.2,101.6,46.8,up
-31.8,-1.4,-11.8,-64.2,-313,-143.6,-42.2,3.2,13.6,-41.4,-14,25.6,-17.2,6.4,13.4,78.2,129.4,138.4,-14,-4,2.8,-39,122.2,78,-22.2,-5,11,-80.8,265,43.6,-7,16.6,19.8,5.8,466.8,127.6,5.8,2.8,9,9.4,443.4,107,-4,-0.8,2.2,1,456.4,77,-4,-6,-5,93.4,479.8,93.4,12,-5.8,-9.4,-95.8,343.6,52.8,18.2,-5.6,-10.6,14,260.2,62.6,29.4,-1,-23.6,-33.6,61,57.2,43,6.4,-21.2,-84.6,-159.8,-21.6,40,-0.6,-4.2,14.4,-308.4,-40.2,14.6,5.2,24.4,-5.4,-319.4,-72.6,15.8,-1.8,19.2,0.2,-244.8,-42.6,down
-34.2,17.2,-25.4,-7.4,-282,-97.4,-31.2,2.8,9.8,-97,-80,-6,-27.8,-3.4,18.6,103.6,164.4,119,-6,-12.6,0.8,-47,187.8,74.2,-8.8,9.4,1.6,-61.2,243.4,62,-3.6,6,16.4,40.2,347,34.6,-0.8,-7.6,6.6,40.2,376.6,68.4,-0.2,-5,8.2,-208.6,438.6,38,-2.8,16,-2.2,139.6,501,91.8,2.8,-23.2,-15.6,-84.2,322.8,46.4,11,-2.6,-7.6,-131.8,228.8,10.2,16.8,6.4,-4.4,-69.4,157,33.4,19.8,1.4,-9.4,28.8,89.4,40.4,28.8,0.4,-14.8,41.8,-41.8,31,45.6,10,-11,30.4,-272,-19,44,5.4,8.2,55.4,-393.2,-69.2,down
-41.8,-12.6,-7.8,-82.6,-348.4,-164.4,-20.8,-12.2,-1.2,-381.6,70.8,64,-12,8.8,8.8,23.4,257.4,91,-2.8,4.8,14.8,176.4,345.8,92.4,-4.4,-13.8,15.8,-379,353.2,41,-5.8,18,16.6,6.8,501.4,116.2,-6.4,-2,-2.6,67.4,484.8,103.8,-1.2,-9.6,-13.2,-14.8,432,114.6,15.8,-1.8,-12.2,-51.8,309.6,95.2,21.8,5.4,-12.6,-68.8,159.8,45.8,29.4,-1.8,-16.2,44.6,35.6,21,38.8,7.4,-23.4,42.8,-122.2,14.4,40.8,3,1.4,-14.6,-309.4,-26.8,31.6,2.2,17.4,-22.6,-372.8,-81,15.2,0.8,20,89.2,-277.2,-61.4,11,-2,18.2,19.6,-208,-44.8,down
-56.6,-15.6,-31.2,45.6,-333.6,-119.6,-49,-5,2.8,-338.8,-121.4,-95.8,-29.4,13.6,19.8,-21,86,51.8,-22.6,1,27,218.6,241.2,221.6,-19.8,-11,14.4,-228.2,409,87.4,3.6,8.6,19.2,-195.2,532.8,7.2,-2.4,13.4,8.8,111.2,622.8,154.2,-3,-12.4,-8.2,134.6,528.2,153.2,14.4,-18,-5,-144.4,441,119.4,23.8,6.2,-7.4,-78.6,304.4,40.2,26,5.6,-20.4,-62,99.8,-27,23.2,0.2,-25,81.8,-5.2,36.4,45.8,-0.6,-27.2,-13.4,-202.4,26.2,38.4,9.2,-1.4,-45.2,-397,-38.4,24.2,13,27.2,61.2,-393.2,-86,8.6,-0.8,26,116.2,-257.6,-84.6,down
-33.8,-4.8,-23.8,-33.4,-266,-55.8,-34,3.8,20.4,-5.6,-80,-25,-27,1,13.6,22,127,24.6,-20.6,-15.6,0.2,-10.4,162.2,88,-7.6,-5.6,8.6,-249.4,237,105.2,-0.8,29.2,28.8,-17.8,392.8,62.2,-4.8,-10.4,16.2,75.4,510.4,66,-15.2,-9.2,-3.8,-63.8,539.4,129.4,-8.2,-5.6,-12.6,-135.4,526.6,151.4,19.4,-3,-15.2,43.4,393.8,108.2,23,9.4,-12.2,-110,156,33,33,1.8,-26.8,-7.6,77.6,33,36,9.2,-27.2,11.8,-72.4,-13.8,46.8,19.2,-14.2,93.2,-344.4,-31.2,38.6,-5.2,22.2,44.6,-462.4,-99.8,11.6,-14.4,35.8,37,-275.6,-110.6,down
-40.6,19.8,-9.4,60.6,-158.8,-47,-29.2,-4.4,2.8,73.4,-81.8,2.8,-19.6,-10,7.2,-79.4,-19.4,-22.6,-13.8,17,-3.4,50,72,-28.8,-17.6,5.6,18.4,-50,154,-31.6,-17.8,-15.8,17.2,26,363.4,176,4.6,-1,-4,2.8,414.2,151.4,6.6,14.8,-4,6.8,376,28.2,-25.2,-12.4,24.4,-221.8,397,48,-13.8,4.4,-3.6,204.2,580.6,222.2,21.2,-19.2,-27.6,-206.4,330.4,82,16.6,7.8,-7.4,-119,224.4,21.2,19.2,9.2,-8,24.6,123.4,8,27.6,-9.6,-24.6,57.2,41.4,63.8,49.8,-1.8,-22,-44,-175.6,-19,60.4,20.4,-1.8,-38.4,-443.4,-83.6,down
2.4,4.6,4.4,181.8,-201.6,-178.2,-20.6,-7.2,-22,102.4,-198.2,-111.4,-11.2,-4.6,-19.6,30.2,-210.8,-87.2,-17.6,-0.6,-13.8,32.4,-215.2,-59,-26.4,-7.6,-18,-23.6,-261.2,-43.6,-42.6,-8.4,0.2,-26.6,-190.8,-27.2,-25.4,4.2,3.8,39.8,-104.8,-15.6,-21.2,-7.2,9.6,33,-50.6,39.2,-28.4,-8.6,23.4,-33.6,137.8,106.2,-21.2,3,19.6,-147.6,308.2,84.6,2.8,-1,4.6,-93.2,352.8,114.4,-14.6,-4,26.4,1,497.2,124.2,-17.8,12.2,11,116.8,623.4,170.8,6.4,-18.6,-28.2,-195.8,506.8,138,20.8,-8,-24.4,-244.4,315.2,82.8,13.8,23.2,-2.4,88.8,276,58.4,down
6,-29.2,5.8,2.6,-235.6,-11.6,28.8,13.6,8.2,-275.4,-158.8,-69.8,9.2,30.6,24.2,261.4,-141.8,-80.4,-18.8,-29.2,-2.2,96.6,-69.4,-73.6,-1.6,-5.6,-18.6,-137.2,-76,-33.6,3.8,18.4,-19.2,133,-201.2,-53,-4.6,1.8,-22.2,77.6,-334,-124,-39.8,-6.4,-12.4,7.4,-327,-123,-43,3.4,-9.8,39.8,-241.2,-121.8,-34,-12.6,3.4,109.6,-158.6,-45.8,-23.8,-12,4.8,-98.8,-86.8,-16.2,-36.2,1.2,3,-159.6,60.6,87,-18.4,21.4,13.8,-42.2,238.2,78.2,-11.8,-25,12.8,-28.8,293,148.6,-2,10.6,8.6,-202.8,372.2,115.6,-8.6,24.8,22.2,155,539.6,146.2,down
36.4,-5.8,-38.4,46,138.8,94.6,65.6,20.2,-8.8,60,-387.4,-56.6,34,4.8,30.8,-29.6,-464.6,-118.8,4,-12.8,38.8,92,-252.6,-72.4,13,4.6,12.6,60.4,-176.4,-90.2,15.8,4.4,5.8,-82.2,-224,-90,-0.2,9,8.4,191.2,-182.8,-35.8,-4,-8.4,-4.2,26.4,-166.8,-149.8,-8.4,0.4,-17.8,48,-258.8,-135.8,-20.8,-7.8,-15.4,80.2,-287,-35.4,-35.4,-11,-8,-43,-211.4,-22.2,-27,-4.8,-2.4,-104.6,-210.6,-97,-32.8,2.8,7.8,-8.6,-96,0,-23.6,5.4,-1.6,-37.6,-0.2,88.4,-17.6,-2.8,0.2,-57.8,80,-13,-8.8,7.4,-1,23.6,64.4,-51.2,down
7.8,3,2,-224.4,464,157.2,21.6,7.6,1.8,-23.4,224,60.8,27,-15.8,-19.2,10.8,144.2,128.4,49.2,3.4,-19.6,-131,-88.8,17.2,41.8,20.8,-3.8,-21,-283.4,-34.2,57.4,-0.8,-2.8,-38.4,-469.6,-164.6,27.6,13.4,22.8,144.4,-452,-122.8,-1.8,-7,41.2,151,-287.8,-113.8,-8.6,-17.2,9.8,-119,-131.2,-123,13.2,13.8,7,2,-99.2,-80,3.8,-0.2,8.8,99.6,-128,-40.8,-15.2,-21.4,6.6,-9.6,-41.6,-73.8,4.8,21,-20.8,-22,-65.8,-48.6,8.2,3.6,-21.4,70.8,-270,-123.8,-18.6,0.4,-14.8,131.8,-338.6,-151.2,-49.8,-26.2,-6.2,1.4,-276,-70.6,down
-13,34.6,13.2,23,181,103.2,-12.6,-11.2,-3.4,150,348.4,66,2.2,3,4.2,-106,308,119.4,-14.6,-2.4,10.6,51,423.2,237.2,-3.4,9,11,280.2,569.4,289.6,2.8,-23.6,-17.2,-155.8,419,151.4,15.2,-10,-15.6,-421.6,210.8,49.8,17.4,14.6,4.6,44.2,235.2,124.2,34.2,1.4,-12.4,191.6,166.8,141.8,47,-0.2,-29.4,-331,-209.4,-108.4,48.6,20,-2.6,58.8,-324.2,-113,31.4,1,13.8,102.8,-424.6,-164.2,15,-7,23,98.6,-368.8,-144.4,-5.6,-9.4,24,85.2,-168.4,-84.2,9.8,-2.8,15,-105.2,-123,-116.8,6.6,9.2,6.6,38.2,-138.8,-28.2,down
-26.4,12.6,-21.6,-98.8,-217,-66.4,-26.6,1.8,4.8,-26.6,-70.8,22.8,-37.6,-15.8,6.6,-69.8,59.8,55.6,-15,21,-4.8,7,192.2,116.2,-15.6,0.4,15.4,22.6,282.4,176.4,-2,5,24.8,5.4,364.2,113.8,-7.2,-9.6,7.4,-21.4,448.6,134.2,-8.8,13.2,6.6,130.8,510.4,134.2,-14.4,3.6,1.8,172.8,582.6,184.4,23.4,-36.8,-29.2,-127.2,405.8,165.6,14,4.8,-5.6,-260,204.8,31,20,9,-5.6,144.8,193.8,71.8,35.2,-13,-28.6,-85.8,19.8,74.2,54.4,5.6,-14.2,-122.8,-239.2,-6.8,57.4,15.6,12.6,43.4,-425.2,-146.4,22,0.4,29.4,162.4,-411.8,-162.6,down
-28.6,5.2,-17.4,-161.6,-329.8,-233.2,-51.6,-1.8,11.4,158.2,51.6,44,-27.4,-9.8,5.4,3,278.4,215.8,11.6,-1.2,4.4,-282.4,207.2,85.4,-14,27.6,15.4,55.4,235.8,82.2,-16.8,-4,24.8,205.2,483.4,123.8,3,-2.4,7.8,56.4,477.6,130,-2.4,-3.6,-16,34.2,483.8,178,1.8,-7.8,-16.4,-36,379.8,206.2,7.4,-11.6,-5,-159.8,276,86.4,25,4.8,-17.6,-3,216.4,77.4,36.2,-6.6,-20.4,-131.4,20,98.2,32.6,3.4,-2.8,-119,-149.4,7.4,56.6,10.8,-5.2,86.8,-252.6,-83.8,49.8,9.4,22.4,38,-411.4,-207.8,10.8,-11.8,30.4,49.6,-405.2,-138.4,down
-30.8,16.2,-15.4,32.8,-112.8,-88,-20.4,-8,-0.6,113.6,165,152.4,-28.2,-10,5.8,-78.8,111.6,88.4,-6.4,17.6,10,-32,308.8,55.6,-0.2,14,22.8,94.4,443.6,116.8,-8,-18.4,9.4,10.2,452.4,96.6,-0.6,14.8,3.8,-17.6,450.2,72.2,-0.8,-3,-7.8,107.4,460.2,101.4,6.2,-18.6,-12.2,38.2,370.4,164.2,16.2,-12.2,-7,-234.4,239,82.4,23,1.2,-6.8,-182,146.8,29.2,20,-5.4,-6.6,41,43.4,86.8,45.4,6,-10.8,14,-98.4,46.6,44.4,6.6,-10,-142.6,-260.6,-29.2,43.8,22.6,-1,32.6,-411,-136,32,12.8,32.4,199.8,-507,-189.4,down
-20.6,-15.4,11.6,-104.2,99.6,-14.4,14.2,14,-29.2,135.4,-95.6,-85.6,2.4,-3.8,-23.2,36.2,-316,-139.4,-23,-1.2,-8,26.4,-341,-109,-45.4,-7.4,-6.4,40.2,-194.6,-49.4,-21.8,-16,-3.2,-77.6,-132.2,-34.4,-17.6,-0.2,9.8,-41,-134.4,-18.4,-25.2,32.2,-3.4,65.8,-35.6,-19,-39,-23.4,0,-14,106.6,19.8,0.6,-2.4,-1.6,-120.6,133.2,43,-9.6,14.6,1.4,-42.8,154.8,106.8,-10,2.2,9.2,-22.8,265.6,133.8,-13.8,7,18.8,91.6,365,78,-2.8,3,7.8,-13.4,433,102.6,-12.2,-13.4,-2.2,26.8,517.4,172,3.2,2,-3.6,-40.4,417.4,131.6,down
83.6,41.4,-6,-41.6,-501.2,-185.4,1.6,-6.4,41.6,462.4,-504.8,-139.4,-17.4,-51.8,20.2,-58.4,-176.4,-56.2,15.8,17.8,5.6,-290.8,-97.6,-57,32.4,29,15.8,234.2,-230,-115,-28,-29,15.8,217,-119,-40,-15.2,-19.2,4.4,-325.2,25.2,6.6,5,21.2,5.8,86.6,73.6,13.4,2.4,-7.8,-10.2,5.2,-2.2,-9.8,5.2,8.2,-9.2,6,-68.4,-68.8,9.6,9.4,-24,61,-222.8,-119.2,-18.8,-10.4,-23.2,26.2,-343.4,-66.4,-30.2,-6.2,-6.6,-31.4,-324.4,-75.2,-27,2,-7.6,38,-229.6,-98.8,-33.8,0.8,-15.6,20.6,-218,-57,-46,-4.4,3.4,-33,-136.8,34.2,down
21.4,6.4,9.8,-181.8,851.6,267.6,38.4,-9.4,-25.2,-54.6,76.8,40.6,43.4,7.6,-21,5.4,-154.6,-25.6,55,17.2,-1.6,8,-410.8,-106.2,33.8,3.2,17.8,41.6,-455.6,-124.4,-4.8,-13.6,34.6,93.2,-266.8,-84,18.6,-4,15.6,-5,-185,-58.2,16.8,11.2,6.6,-18.6,-211.4,-72.2,-10.8,3.6,15.2,81.6,-146.6,-46,-15.2,-24.2,16.4,-34,7.4,-7.8,11.2,12.2,0,-18,30,-2.4,0.8,6.2,-14.4,22,-21.2,-30.2,22.4,6.2,-33.6,102.4,-233.6,-129.4,-1.8,4.6,-43.8,118.8,-518,-157,-62.4,-18.6,-3,-38.2,-405.8,-104.8,-54.8,4.8,17.6,-131,-187.2,-69.4,down
-34.8,-4,27,170.6,938.6,353.6,19,-23.2,-27.8,-54.8,465.8,141.4,29.2,-3.8,-9.6,-303.8,205.6,21,13.2,9.4,3.4,-35,203.2,57,18.2,-15.8,-14.2,-4.4,126.2,64.4,52.6,4.6,-30.8,-80.8,-125.6,15.2,49.6,19.2,0.4,-42.2,-341.4,-117.8,29.4,12.6,14.4,100,-420.8,-119.6,9,-10.4,21,142.4,-297.2,-105.6,10.4,4,17,31.6,-224.6,-103.8,-1.6,-15.2,14.8,-21,-174.6,-38.6,9.8,16.6,16.2,38.4,-107.8,-34.8,-4.4,-3.2,11.4,44.2,-20,-51.2,-7.4,-6.6,1.4,-34.2,29.8,-16.4,15.8,13.8,-18.6,32.4,-75.6,-97.8,6.6,8.4,-28.2,125.4,-270.2,-133,down
-47,-12.4,3.8,115.2,-25,68.4,-24,12.8,18.2,-10.4,151.8,-97.2,-19.8,-6.2,6.6,-7.6,260.4,154.2,-4.4,-15,6.6,-191.2,315.4,165.4,-1.8,24.8,4.2,-4.4,418.8,104.8,8.8,0.6,0.6,124.4,361.8,114.8,-8.6,-10.2,11,-15.4,416,175.6,-14.8,-22.8,10,-251,515.8,137.4,1,11.6,-5.2,55.8,503.4,208.8,26,-13.4,-33.6,5.4,277.6,253.2,44.6,5,-19.4,-305,26.6,-36.6,39.6,23,-11.6,-139,-117,-184.4,31,10.6,3.6,282,-241.8,-44,42.8,-4.4,2.4,198.2,-379,-5.4,19,-7.6,22.8,-222.6,-411.6,-237.8,6.4,2,20.2,32.4,-200.2,-97,down
-45.8,5,-0.4,-69.2,-86.2,-134.8,-36.4,-3.8,14.8,136,-85,12.4,-20.6,-10.2,5,-0.2,5.6,55.2,-31.6,22.4,18.2,-122.6,209.4,56,-3,-15.6,-8.6,-70.6,312.6,67.6,5.6,-4.6,-9.2,6.8,245.6,132.2,-3.8,18.8,27.8,-108,311.2,63.2,-12.6,13.4,21,172.2,482.4,171.6,1.6,-23.2,-5.6,-57.2,509.4,95.6,-16.6,3.2,-7.8,-54.8,463,144.8,12,-6.4,-15.8,14,329.2,144.2,24.6,-3.4,-10.6,-136,219.4,92.8,27.8,2.2,-18,-10.4,116.6,68.6,48.6,9.2,-17.6,-33.4,-167.4,-43.2,42.2,7,-3,-3.6,-347.4,-86.2,25.8,-6.2,13.2,63.6,-365.6,-74.8,down
-13.4,-1.2,-4.2,43.2,9.2,-128,14,-33.2,-15.4,63.4,12.8,-43.4,10.4,-30.4,-6,-112.4,-45.8,43.6,8.6,-36,-2,-179,-98,321,22.6,-25.4,-7.6,-178.4,-133,513.4,-3.2,-11,1.8,-231.4,-90.6,389,-5.2,14.6,-4,-226,-186.6,515.8,-2.8,6.4,-10.4,-286,-267.6,461.6,-16,47.4,9.6,-77.8,-91.8,279.4,-22.2,65.4,27,58.8,121.8,-92.4,2.8,30.2,15.8,221,126,-252.2,10.4,-16.6,-9.8,203.8,28,-213.4,-6,-8.2,-1.6,-0.8,20.2,-192.4,4.2,14.4,14.4,71,76.6,-278.2,13.2,-16.6,2.8,151.6,92.4,-165.4,6.2,-15.6,-5.6,9,32,-106.2,right
-20.2,8.4,-1.6,222.6,100.6,-316.4,4.6,-34,-17.4,128.8,26.8,-98,13.8,-46.8,-12.8,-199.8,-146.2,126.4,11.8,-35.4,1.8,-253.6,-145.8,296.6,1.2,-10.4,6.2,-90.4,-23.8,418.8,15.4,7.4,-5,-171,-105.8,459.8,-6.6,-17,-6,-264,-156,441.6,-8.8,24.4,6.6,-133.4,-127.8,417.2,-7.4,29.8,-0.8,-130,-139.6,269.6,-14.4,31.4,4,-2.4,-90,130.8,-13.8,35.8,16.8,85,50.2,-105,0.6,23.4,15.2,234.2,171.2,-307.4,1.8,-9.6,0.2,154.8,74.8,-291.4,5.8,-8.2,-6.2,-2.4,-12.8,-200.4,6.6,-2.6,3.6,59.8,63.8,-216.6,5.4,-8.8,6.4,89.4,113.2,-179.8,right
-12.2,3.8,0.6,85.6,-13.4,-115.4,4.6,-12.6,-6.8,64.6,-10.8,-156.2,10,-39,-4.4,-52.8,-119.4,102.4,8,-40,-4.2,-169,-89,392.4,18.8,3.8,2.8,-172.2,-64.2,352.8,-6.6,0.8,10.8,-98.8,-55.6,280.8,0,-5.4,-9.2,-142.6,-125.6,483.8,6.4,10,-9,-297.2,-78.2,326.8,-13.6,34,7.4,-61,-76.8,196.4,-13.8,35.6,7.8,49.8,-68.2,84.8,-3,27.8,7.4,61,31.8,-127.6,4.6,9.2,5,210.6,87.4,-211,-8.2,-15.2,1.2,56.8,-23.2,-169.2,2.8,9.6,5.2,7.2,43.2,-188.6,3.4,-1,3.2,101.8,65,-175.8,5.4,-14.4,-1.4,58.6,35,-123.2,right
-6.6,-28.2,-17.6,63.2,-63.4,-140.6,2.8,-58.8,-18.6,58.6,-20.2,121.8,6.2,-81.4,-20.2,-463.6,-16.2,359.4,29.4,-5.6,0,-400.2,-48.2,462,10,21,-3.2,4,-166.6,540,-16.6,-26.8,-7.6,-389.4,-199,572.2,3.4,35.4,10,-394.2,-117.2,392.2,2.4,94.6,33,131.4,-24.2,116.6,-5,41.8,24.8,264.8,52.6,-185.6,-1.2,-17.4,5.8,215,34.4,-136,3.2,-11,-7.4,-35.6,-46.8,-188.4,-0.2,27.2,15.4,-8,22.2,-307.2,8.2,-8.8,3.8,293.8,128,-203,9.2,-29.2,-6.2,24.8,33.8,-83.4,0.8,-14.6,-6,-101,-1.8,-95,4.8,4.8,-1,36.2,7.2,-36,right
-3.4,9.2,-11.6,49.8,14.2,-344.6,7,-18.6,-25,203,-86,-111.2,-10.6,-95.4,-23,81.8,-29,316,2,-64.2,4.4,-535.2,19.8,606.4,34.8,34.6,-3.2,-477.4,-71.4,414,-3,20,-13.8,71.6,-146.2,586.4,-17.8,-29.6,4.4,-233.4,-101.2,496.8,11.2,46.2,14,-352.8,-141.2,389.2,-2.2,83,24.2,119.4,-27.8,75.8,-13.8,34,19,314.8,164,-253.4,4.8,-9.4,10.4,199,101.4,-309.6,16.6,-17.4,-9,51.6,-120,-136,-5.2,14.6,7.6,-37.8,19.2,-260.4,4.8,-7.6,6.8,156.8,130.6,-271.2,12.6,-23,-5.2,73.8,19.4,-108,5.8,-15.8,-6,-73.6,-17.6,-61.6,right
-43.4,-23,0.4,334.8,33.4,-166.4,6,-76.4,-22,-278.6,105.8,347.6,16.8,-14.2,-8,-593,18.4,498.6,6,26.8,5,-217.8,-112.6,476.4,-3.6,-2.8,1.6,-72,-64.2,333.2,14,-6,-1.4,-360.4,1,469.6,-12.6,40.8,16.4,-49.6,-16,362.8,10.4,47.6,6,3,-20.4,70.4,-16.2,49,6.6,30.8,42.4,-217,6.4,-0.6,11.6,308.2,-16.8,-237,11.8,-13.2,-0.2,261.2,-17,-155.8,-6.4,1.4,-3.4,-78.8,32,-268.6,8.8,-7.2,5.4,123.2,28.8,-220.8,3.8,-14.8,2,112.2,-5.4,-100.4,10.6,-15.8,-7.4,-9.2,-13,-81,2.8,-5,1.8,-47.2,-13,-62,right
-17.6,-0.8,-1.4,202.6,-4.4,-272.6,8,-39.2,-1.4,31.8,2,140.8,9.2,-30.2,-11.6,-378.4,-64.8,332.4,-1.2,11.4,16.2,-234.6,-44.4,153.8,-2.8,-24.8,2.4,145.8,71.6,499.6,17.6,-37.8,-19.2,-429,-63.4,550.6,-18.6,10.6,-0.4,-660.2,-138.2,456.4,-3.8,74.8,14,-46,46.8,292.4,2.2,35.8,-4.8,264.4,83.4,136.2,5.4,8.2,-4.6,-29.2,-96.2,-63.6,-4.6,33.2,10.4,96.4,23.6,-246,4.4,15.2,18,307,59.4,-291.4,0.2,-21.8,2.4,150.8,-9,-222,11.4,-10.6,-4.8,-12.2,-24.4,-204.6,8,-0.4,5.8,24.6,17.6,-217.6,0.8,-9,5.8,182.2,33,-96.4,right
-21.8,4,-2.4,166.2,5.2,-255,5.6,-41.4,-3.6,155.8,28.8,9.2,15.6,-41,3,-248.2,-87.4,187.2,3.2,-17.2,-2.8,-289.4,-51.6,256.6,-9.2,-12.6,4.8,15.4,80.8,426.6,8.6,-25.2,-1.6,-307.6,-2.4,521.2,0.8,4,2.8,-543.6,-39.6,459.4,-11.4,39.6,4,-109,54.2,421,9.2,28.6,-4.4,1.6,-51.2,260.2,0,11.4,-16.4,-78.4,-77.2,135.8,-9.8,33,-0.2,102.8,-11.6,-29.6,-4,32.2,19.4,210.4,-33,-221.6,6.8,21.4,11.6,202.2,47.8,-343.8,0.8,-20.4,4.4,137.6,58.6,-297,8,-13.8,-5,111.4,-32.8,-245.8,5,-2.2,6,-15,-6.4,-226,right
-10.4,17.6,-1.6,84.2,-33.6,-221.2,1.8,-6.4,-9.2,257,15.8,-110,-4.6,-53.4,-9.4,72.8,-33,53.8,12.6,-63.8,-7.4,-183.2,16.6,330.4,-3.4,-22.4,4.8,-359,54,561,5.6,-2,-2.8,-438.8,-35.2,551.4,6.4,7.8,2.2,-394.2,-39.6,388.8,-3,30.6,3.6,-113,85,438.6,8.8,42.6,0.4,-53.4,2.8,240.4,2.6,14.6,5.8,14.2,-65.8,43.6,-10.6,30.8,13.2,-20.8,-9.4,-92.8,14.8,48.6,6.4,204,13.8,-272.6,-0.2,-8.8,2.6,321.6,-0.8,-275.2,-5.8,-31.4,3.2,120.8,-39.4,-151.6,17.8,4.2,4.4,-101.4,5.2,-228.2,-3.2,0.8,1,136,5.8,-122,right
-18.8,-1.8,-0.2,217.4,-22.6,-232.2,4.8,-41.6,-5.2,66.6,-12.2,-65.6,5.6,-56.4,-4.6,-155.6,-34.4,227.6,-0.4,-48,-5.8,-317.2,-30.8,477.6,9.4,-5.4,7,-264.4,81.2,514.8,6,25.6,12.2,-144.6,26.4,413.8,-9.2,-6,-9.4,-280.8,-30,466.8,4.4,21.4,2.4,-258.4,11.4,352.4,-2.2,52.2,5.8,138,38.2,215.8,4,30.2,-5.2,-23.8,-71.8,-66.4,-6.6,46.8,14.2,43,-40,-254.8,-5.6,10.8,21,326,32.4,-240.6,20.6,-29.8,-12.8,200.4,-18.8,-207,-1.4,-11.6,-3.2,-138.2,-25.8,-255.4,5.8,16.6,15.2,93.4,-2.6,-143.8,8.2,-17,1.2,131.4,16.4,-115,right
-16.2,-21,-7,-19.8,5,-210.6,12.8,-22.6,-2.6,1,-31.8,-75.2,1.8,-27.8,-2,64.8,-19.6,133,-9.6,-54.2,-8,-96.8,60.4,378.4,25.4,-37.6,3.8,-448,-7.6,434.8,-10.6,4.8,8.6,-297,17,543.4,-0.2,15,-4.4,-268.8,27.6,474.6,-7.8,29,-4.8,-200.4,-15.4,352.8,2.8,40.2,3.8,-81.2,-5,190.2,-0.8,46.6,8,106.2,49.8,-23.4,0.6,29,4.8,168.4,24.4,-183.6,1.8,5.8,2.8,194.4,-19.6,-257.6,11.8,-14.8,0.2,147,-35.8,-197,8.4,-4.4,6.4,13.4,-16.6,-198.2,2,2,4.4,71.8,-9.6,-209.6,12.8,-23.2,-0.2,104.8,-15,-96.6,right
-9.2,6.4,-4,25.8,-53.2,-216.8,-3.2,-23,-8.8,165.6,-20.4,-60.6,-6.4,-55.2,-8,11.2,26.8,139,4.4,-41.2,0.2,-313.2,39.2,297,4,-19.6,12.8,-336.6,56.4,506.2,9.2,5.2,2.2,-241,82.8,476.8,-9.8,-2.6,-6,-333.2,22.4,381.4,8,17.4,-1.8,-327.4,42.4,349.2,1.8,42.4,4,-134.4,-3.6,283.6,1.6,41,-3.4,39.2,-44.8,65,3.4,47.6,9.4,122.6,-18.6,-193,-1.8,29.8,13,311.2,45.6,-266.6,10.4,-16.4,-4,286.4,-53.8,-226,7.8,-25,1.4,-24.6,-92.6,-231.8,0.4,9.6,9.6,38.4,-13.8,-130,5.2,-6.8,5.6,148,20.2,-130.4,right
-13.4,-7.4,-12,55.4,-29.4,-206.2,0,-19.6,3.8,6.8,-13.4,-62.8,-3.6,-10,4.6,50.2,16.4,20.4,-12,-41,-13,36.2,69,235,11.2,-76.6,-14.8,-331.2,23,534,12.6,3.6,21,-492,44.4,444.4,-6.2,46.2,9.4,-195,83.2,320.2,-6.2,-12.4,-15.4,-208,20.8,435.4,15,-7.6,-3.4,-314.8,-22.4,374,-7.8,80.4,18.8,0.2,94.2,99.2,6,6.6,-10.4,0.8,-25.8,37.2,-0.6,31.8,3.6,5.4,-66.8,-119.2,-0.2,30.4,10.2,226,-1.4,-184.8,6.8,0,1,253.8,42.8,-240.4,12.8,-19,7,90.6,-14.6,-272.4,8.8,0,-0.4,81.4,-68,-155.2,right
-18.8,0.8,-5.8,30.4,-27.4,-183.6,6.4,-24.6,-1.2,88.2,49.8,-78.6,2.8,-29.8,0.4,37.8,5.2,113.6,0.4,-35.8,-5.8,-111.8,-14,206.6,0.6,-43.8,-0.2,-262,53.2,341.8,19.6,-12.8,1.4,-411.8,48,489,-12.2,9.2,4.4,-326.6,-15.8,473.4,0,12.6,-3.2,-288.8,36.6,343.2,-7,24,-0.8,-209.6,9.8,346,3,35,-2.4,-146.4,-50.6,182.4,-2.6,50,1.2,115.6,34,-49.2,-2.2,34,7,243.6,56,-258.4,12.8,3.6,10.6,255.2,-65.6,-272.4,4,-25.6,-3.6,101.6,-65.2,-158,-2.2,0.2,3.4,36,46,-208.8,12.6,10.8,11.6,164.8,4.4,-218.2,right
-6.4,7.8,-4.2,110.6,-27.8,-254.2,-7.4,-31.4,-2,55.6,6.4,45.6,-7,-36.4,-4.6,-65.4,53.6,257.2,7.6,-23.8,3,-224.6,47.8,342.4,9,-12.6,-1.8,-369,29.4,382.2,4.2,-6.6,0,-388.4,-1.6,332.2,-4.4,6.8,-0.2,-226.4,47.4,437.8,3.2,21.4,-3.6,-272,14.8,321.8,-0.2,30,3.4,-141.8,-25.4,180.2,9.6,28.2,0,54.8,-11.4,100.8,-2.6,35.2,8.4,44.4,-1.6,-107.6,1.6,21.6,9.4,209.2,11.2,-184.2,6.2,-5.6,1.8,260.8,-22.8,-154.4,10,-6.6,2.6,46,-39.2,-239.6,-0.6,3.6,6,90.6,-10.6,-196.2,5.8,-16,3.2,124.4,-5.2,-123,right
-20.4,4.8,-9.2,246.8,28.8,-57.2,5.2,-9,-10.2,-226.6,58.4,439.8,7.2,-11.2,-2.6,-572.6,-39.6,338.8,0.8,37.2,8.2,-186.2,7.6,350,-6.2,26.8,5,-12.4,30.2,215.6,6,20.8,-1,16.8,-32.6,115.2,3.6,30.2,1.6,-11.6,-58.2,-53.4,0.4,29.6,15,196.6,0,-205,3.4,4,10.8,269.6,19,-250.8,10.8,-8.8,-5.2,111.4,-55.8,-183,-4.2,-7.8,3.4,55.2,-9.8,-239,8.8,1,5,159.8,12.8,-184.2,4,-15,-4.4,26.2,-4.2,-89.2,-0.4,-17.2,0.2,-2.8,-9,-44.2,2,-3.2,1.2,0.2,0.8,-37.8,-2.2,2,-1.8,20.8,21.8,32.6,right
-5.2,5,-13.8,244,14.8,-260.6,-6.8,-47.4,-11,115.8,2.6,35,2.2,-60.2,-2,-298.4,4.6,235.2,22.8,-31.6,-4.8,-427.6,-22.8,396.2,11.8,-3,8.8,-258.4,-49.2,431.4,-13.8,-18,-7.6,-200.2,17.6,596.6,6.8,2.4,-5.4,-515,-89.8,447,-4.6,34,4.4,-354,-108.8,415.8,-19.6,54.8,7.4,-51.6,8.4,200.6,-2.8,51.4,5.2,154.2,52.4,-33.2,14.2,46.4,12.8,220,55.2,-328.2,2.4,-1.8,6.8,379.4,26.8,-313.4,-1.6,-31,-0.4,161.2,-37.2,-201.8,11,0,6,-98.4,-6.4,-301.6,17.2,9,12,197.8,42,-225.6,3.4,-33.2,-1.4,215.6,13.4,-79.6,right
-5.6,1.4,-17.2,169,-6.8,-162.6,1.8,-37,-15.8,67.4,-0.4,-8.6,-0.2,-44.6,2,-133.8,-9.8,57,14.2,-17,3,-131.2,7.6,246.8,8,-29.4,-9.2,-246.2,-17.2,492.8,-2.4,-21,3.6,-410.4,-6,456,10.8,3.4,1.4,-338.4,-39.2,392.2,-4.8,18.2,3,-366.8,-92.6,462.8,-8.4,33.4,-5.8,-229.8,-58.4,335.2,-3.8,27.6,-5.8,-29.8,-47.2,200,-0.2,21.8,4.6,13.4,-128.6,95,-8.2,34.4,13,-23.8,-131.2,-99.8,-6.2,32.6,10,233.8,82,-273,-4.6,-0.6,10.4,289.8,128.8,-276,14.4,-8,-0.6,201.2,35.4,-301.6,1.4,-11.4,2.8,82.8,63,-280.6,right
-9.4,6.6,2.4,73.8,-16.2,-193.2,-4.4,-24.8,-11.8,166,5.8,-64.6,9.2,-36.8,-10.8,-34,-64.6,64.4,8.8,-38.4,-4.4,-122.8,-45.6,325,7,-41.6,5.8,-392.4,5.4,428.2,5.6,-4.2,-5.2,-419.6,-15.8,520.8,2,18.8,6.2,-330,-53,322.4,-0.2,14.2,0.2,-92.6,12.6,419,5.8,17.6,0.4,-340.4,-55.6,240.2,-5.4,44,10.6,-30,-31,105.8,-4.6,19.4,0.8,212.2,-38.4,40,4,10.2,3.6,68,-49.6,-101.2,1,26,13.4,61,17.4,-266.6,0.4,10.8,9,311.2,47.8,-248.8,4.2,-22.6,-4.4,212.4,-11.6,-163,5.2,-18.2,1.2,-99.8,-17.2,-198.4,right
-2.2,-0.6,-9.4,63.2,24.4,-204.6,2.4,-22.2,-11.2,114,-77.2,-101,-4.4,-42.8,-2.6,112.4,-8.8,171.2,10.6,-59,3.4,-377,10.2,395,19.4,-20.6,-3.6,-559.2,-65.8,482.2,-16.6,11.2,3,-220.2,-40.8,513.2,6.6,13.4,0.2,-208.4,5.8,400.4,-1,15,6.8,-399.2,-58.8,385.4,-1.2,43.4,2.6,-60.6,-9.8,219.6,-1,24,-2.2,79,-60.4,105.8,-3,26.8,10.2,15.4,-34.6,-103.8,-2.8,39.4,11.8,207.4,79.2,-279,14.2,-5.6,2.2,376.4,51.2,-309.8,1.6,-32.4,-2.2,25.4,-62.2,-201.8,3.2,11.2,9.2,-9.2,14.6,-210.8,8.4,-6,5.8,205.4,57.4,-178.6,right
13,15,-1.6,29.6,10.6,265.8,-8.8,14.6,-4.8,168.6,24.8,-36.6,-0.2,39.8,10.6,25.4,-28.6,-362.4,3.8,42,-2.2,224.4,35.2,-664.6,-1,17.2,4,387,36.2,-745.6,-1.2,-18.4,-7.6,315.8,-104.2,-540.6,-4.6,-24.8,0.4,188,-22,-494.2,-2,-22,3.6,115.4,5.6,-432.4,-3.2,-37.2,-0.2,135,-108.6,-162,-0.8,-49.6,-9.6,218.4,23,361.6,16.4,-41,2.4,-419.2,46.4,342,8.6,26.4,12.4,-315.4,-28,175.4,-0.4,13.2,2,209.2,15.4,343.6,6.4,-25.8,-3.6,-131.4,64.2,363.2,8.4,11.8,6,-386.2,-27,96.2,-3.2,37,6.2,91.2,31.2,145,left
-13.2,3,-7.4,117,27,413.6,-0.4,37,0.8,-146.4,-9.2,98.4,-8,58.8,2.4,108,108.4,-200,13,11,-1.6,313.8,-39.6,-356.8,16.2,25.4,5.4,299.6,-104.2,-592.4,-2.2,45,6.2,235,-51,-766.8,-16,-14.4,2.2,451.8,39,-642.8,-8.4,-43.4,2,404.2,31.8,-486.4,12.8,-17,-14.6,73.2,-41.8,-382.6,-11.2,-34.2,0.4,186.4,-50.4,-97,-15.8,-67.2,3.4,226.8,94.4,346.6,20.8,-48.4,-3.8,-570.2,79.8,303.4,44,48,-0.8,-472.2,-99.8,255,-21.2,5,18,139.6,-28,292.4,7.2,-19.2,3.4,50,69,343.4,20,12.2,-1.2,-480.8,-9.6,117.4,left
-21.2,10.6,-9,101,57.6,321.6,-1.4,13.4,-7.8,-199.4,-55.8,168.6,-8.6,55,3.6,122,56.8,-56,7,49.2,2,236.8,-10,-458.2,11.6,25.6,4.4,297.6,-44.8,-759.8,-4.2,17,0,360,-51.2,-760.2,-5.6,-15.8,-2.2,350,-60.8,-615,-1.8,-28.4,-1.2,293.6,-12.8,-503.2,10.4,-30.8,6,160.4,-37.4,-325.6,5.2,-23.2,0.6,43.2,-99.4,-228.2,-11,-34.6,-3.2,296.2,-10.8,78.4,-3.2,-61.6,0.8,-131.4,64.4,323.8,24.4,-10.2,2.2,-518.8,-23.2,393.8,5.6,28.6,7,-193.4,14.2,339.4,-1.4,0.8,14.8,115.8,74.8,277.4,9.8,2.2,-8,-265.2,28.6,172,left
-16,-1.4,-9.6,8.6,36,388.2,-5.6,24.6,-3,-82,-33,213.8,6,42,-4.6,50.6,-35,-95.4,0.4,33.8,2.4,232,-101.2,-226.4,-2.6,22.4,20.4,216.6,-19.6,-492.4,-0.4,22.4,-0.8,223.4,47.8,-698,8,5.2,-12,299.4,-53,-655.6,-7.2,-17.4,0.8,334.8,-80.6,-555,-8.4,-22.6,3.4,300.8,3.8,-402,14.4,-18,-3,128,30,-342.2,-3.2,-33.4,-13.4,130.8,-62.4,-125.4,-13.2,-49.6,1.6,142.8,-52.4,266.4,12.6,-41,6.8,-148.4,74.8,435.2,24,13.8,11.6,-482,-3.6,71.4,-10.2,20.4,2.8,-107,-58.4,220.6,-5.8,-24.4,6.6,127,79.4,473.2,left
-14,-10,-15.4,-163.2,-3.8,416.8,3,38.8,-14.6,-211.4,-72.4,64,2,78.8,13.2,269.2,17.6,-310.2,14.6,31.8,17,534.2,-39.8,-544.4,-1.4,1.2,0.8,281.4,-72.8,-732.4,-10,-4.8,-2.6,341.2,-17.8,-555.8,-1.8,-30,4.8,184.2,30.4,-525,12.4,-15.8,7.8,320.4,16.2,-315,6.6,-27.6,-7.8,83.2,-55.2,-281.6,-3.2,-22,-11,64,-67.2,-119.6,-5,-29.4,-1.6,50,-66.6,29.6,-6.6,-33.8,6.2,-33.4,29.6,304.8,4.2,-26,1.6,-309,64.8,483.8,29.4,20.4,3.8,-358.2,-29.6,248.6,-0.4,34.2,11.2,0.2,-55.4,2.4,-22,-19.2,7.8,172.8,132.6,343.8,left
-11.6,-3.4,-10,-168.2,-23.8,338,-5.4,33.8,-9,-97.2,-48.2,159,-7,35,4.2,132.6,2.8,-19,2.4,31.6,7.8,256.6,30.2,-228.6,1.6,22.2,11.4,307.2,32.4,-392.8,1,5.2,6,205.8,49.6,-511.2,4.8,10,4,93.8,47,-673.4,6.2,6.8,-8.2,406.8,-20.4,-499.6,-10.6,-34.8,1.4,349.8,-28.2,-343,7.4,-29.8,-4,-6,-8.6,-348.4,7.2,-3.2,-10.4,15.8,-91.4,-192.8,-2,-24.2,-3.8,252.8,-125.6,47.2,-17.8,-58.2,4.2,147.4,59,262.8,16.6,-30.8,-4.6,-398.6,100.8,317,23.6,26,5,-416.6,-61.6,227.8,-3.6,14.8,14.2,116.8,-75.8,226.4,left
-29.6,-4.2,3.6,-210.4,13,266.2,9.8,20.6,2.6,0.4,112.2,-557.4,6.8,20.6,-1.2,232.6,9.2,-616.4,-0.8,-3.4,-4.6,432.6,-18,-457.6,-7.6,-33.8,-12.4,174.8,-23.2,-433.8,-5.6,-3,-5,194.6,0.2,-292.8,-14,-30.2,0.8,180.2,37.2,-180.2,-0.6,-54.4,-16.4,305,46,270.6,26.8,-50.2,-12.6,-370,-77.2,373.8,6.8,13.2,14.6,-596,-105.8,273.8,-5.6,26.4,21,-3.6,35.2,236.8,11.4,-20,-4.6,238.2,41.6,421.4,13.2,-10.8,7,-588.4,-56.6,103,-3.8,46,10.4,-78.6,-12.4,172.8,2,-3.8,3.2,32.6,45.8,53,-9.4,-17.4,2,-1.2,68.6,186.2,left
-3.6,45.4,-0.6,-209.8,-122.6,57.2,0,35.4,13.6,172,108.6,-691.4,1,14.6,-2.4,395,81.6,-709.2,8,-30.6,-7.6,278.6,-35.8,-547,-6.6,-21.8,-3.4,188.8,-32.2,-442,-4.6,-7.8,-1.6,235.4,-6,-363.6,3,-17,-13.2,108.2,-99.6,-280.8,-8.4,-32.8,-11.2,131.8,-137.8,-5,-31.6,-58.2,16.6,-21.4,65.2,259,13.2,-38.4,0,-246,144,563.6,49.4,20,-9,-386.2,-74.2,361.2,-8.6,30.8,18.8,-128.8,-82.4,85,-23.2,-7,16.2,33.4,182.2,253.2,36.6,-10.4,-12.2,-143.2,62.4,366,5.2,29.8,4.8,-245.4,-59.8,-57.6,-5.8,18,3,163.4,-4.6,52.4,left
-12.4,-5.4,-9.8,-154.6,-0.8,293,-8,35.4,-5.8,-42.8,50.2,216.2,4.4,34.8,3.8,157.8,-14.2,38.6,1,22.8,2.2,-21,-30,-236.8,6.2,39,2.8,66.4,32.8,-421,6.4,37.2,7.6,424.8,-55.8,-481.8,-12,9.2,9,446.8,-68.2,-635.6,-2,-18.4,6.2,313.8,53.4,-599.4,7,-21.8,-7.8,264,49.6,-414.6,5.8,-24.4,-15.2,190,-111,-303.8,-7.6,-19.4,1.4,100.2,-76,-247.2,-8.4,-27.4,-1.2,258.4,-51.4,17,-2.2,-56.6,-4.4,-1.6,29,289.6,14.6,-48.4,2.8,-481.2,66.8,391.8,10.2,30.2,11.8,-290.4,3.2,323.6,16.6,28.6,6,0.2,-60,182.8,left
-18.6,-6,4,59.6,-31,320.4,2,8,-19.6,-207.8,-74.6,210.2,-0.8,57,-0.8,-74.6,-72.2,-121.8,-4.2,47.4,15.4,390.4,-13.8,-281.8,0,29.8,16.8,296.2,22.2,-568.6,5.2,27.8,-3.4,191.4,-3,-788.6,-9.4,1.8,-7.4,323,-49.2,-798.6,-20.8,-46.4,-5,593.6,42.4,-354.2,-0.4,-53.4,-4.4,179,94.6,-240.2,34,2.6,-9.4,-83.2,-64.6,-347,2,-32,-7.2,156.2,-214,-62.8,-42.2,-72.6,13.8,213.8,44.6,378.2,21.6,-29.6,7.4,-440.6,163.2,511.4,43,23.8,-3.6,-548.6,-38.6,295,5.4,28.4,13.8,75,-137.4,132.2,-34.2,-14.4,12.2,-4.8,140.2,238.8,left
-14.2,3,-2.4,125.6,-25.6,321.8,-7.4,1,-12.2,-190.8,-70.2,216.6,-0.4,39.2,-4.4,-21.2,-78,67,-1.2,47.4,15.6,268,-67.2,-118.8,-0.2,29.4,14.2,164.8,4.8,-454.4,-4.2,34.6,3.6,255.6,49.4,-601.8,-6.2,8.8,5.6,439.2,27.8,-641.8,-5.4,-24.8,-0.4,289.8,75.2,-587.4,6,-20,-8.6,119.2,64.4,-524.8,-1.6,-6.2,-6.4,301,-20.2,-263.4,13.4,-40.2,-19,197.2,-111.6,-186,-9.8,-27.4,-4.2,14.8,-116,-77.8,-34.6,-42.8,17.8,-21.4,64.4,246.4,22.8,-34,1.4,-137.8,128.2,711.8,49.6,19.6,-6.2,-422.4,-87.4,245.6,-15.6,23.2,10.4,-199.6,-62.8,-32.8,left
-13.4,-0.4,-7.6,-41.6,-34.8,326.2,3.6,15.4,-11.2,-255.8,-58.8,135,-4.6,49.4,10,147.2,-24.6,-14.8,-3.4,40.2,15.4,281.4,-9.8,-215,-3.4,26.2,3.8,242.2,7.8,-402,14.8,10.6,3.6,205.6,33,-601,-9.8,19,9.2,385.8,51.6,-605.2,-2.8,-11.8,-2.4,361.8,-0.2,-504,-6.6,-36,-11.6,230.8,39.6,-423.2,9.4,-15.4,-7.6,190.6,-0.4,-285.8,1.6,-17.4,-12,175.4,-77,-173,-14.2,-31,-12.6,184.2,-68.2,-51.8,-21.8,-80.4,1.8,17.2,124,487.4,42.4,-35.6,14,-603,10.6,464.2,27.8,56.8,8.2,-410.8,-109.8,79,-19.8,18.6,3,192.4,16,161.6,left
-10.4,-4.4,-7,-114,-26,358.4,0,22.4,-6.8,-107.6,-49.8,155,-0.4,37.2,-4.6,28,-81.2,28,-2,43.8,4.4,166.2,-57.4,-194.6,0.6,24.6,20.2,300.6,-9,-329.2,-4.2,15.8,14.8,294.6,57,-473.4,1.4,14.2,-1.2,154.8,74.6,-683.4,-0.6,10.2,-3.8,351.8,43.2,-631,-5.8,-34.6,-3,454.2,28,-371.8,-5.2,-43.4,-9,95.6,79.6,-303.2,19,-8.6,-14,91.2,-50,-217.2,16,5,-18.2,218.2,-234.2,-192.4,-67.4,-81.4,21.2,-39.6,9.6,0.2,-2,-72.6,11.8,-357.2,194.2,730.2,87.4,51,-11.2,-415.4,-97.8,498.8,1.8,52.4,5,7,-202.6,-86.2,left
-7.8,-10.8,0,-241,-8.6,305.2,-10,44,-6,-159.6,-73,84.8,0.8,39,2.2,320.8,5.6,9.4,4.8,20.8,9.6,210.4,-15.2,-267.8,0.2,28.8,10.2,274,16.2,-344.6,5.6,14,8.8,173.2,11.4,-546.2,-3.8,6.2,9.8,175.6,39,-619.4,-0.4,0,-0.8,376.8,37.4,-504.8,1.8,-25.4,-6.8,340.8,62.6,-341.4,3.6,-42.6,-12.8,22.6,42.6,-275.4,1,-5.8,-9.8,29,-58.4,-132.4,10,-16.8,-4.8,166,-125.6,11.2,-8.4,-20.4,-2.8,166.4,-110.8,101,-23.6,-48.8,1.4,-116.4,109.2,307,22,-29.2,4.2,-347,62.4,470.4,32.2,30.8,14,-279.4,-150.4,172,left
-22.6,-18.8,3.8,142,-29.4,370.6,-6.2,-0.4,-12,-218.2,5.6,246.4,4.8,52.4,-1.2,-9,-35.2,-6.2,5.2,30.6,1.4,183,-83.8,-119.6,-7.8,13.6,11.6,245.6,-39.8,-186.2,-12.6,21.6,15.8,234.2,102,-374.6,9.2,25.6,5.4,195.8,107,-572.4,-7,2.8,6.4,194.6,85,-602.2,5.6,-13.8,-14.6,368.6,-39.8,-416.8,-1.6,-31.8,-8.8,22.2,-46.4,-361.6,11.8,-8.2,-1.4,98.6,-58.8,-282,-9.8,-7.4,-10.4,251.8,-116,-175.4,-6.2,-19,-18,216.4,-145.8,-99.8,-37.2,-52.6,8.8,3.8,64.4,160.2,11.2,-45.8,12,-85.4,181.2,714.6,45.4,12,-6.2,-490.2,-43.6,379.4,left
-20.4,35.6,0,-67.2,14,178,-8,25,7,323.4,-9.2,-563.4,-5.2,11,11.4,224.2,1.2,-668.2,-20.4,-33.2,4.8,301.2,119.8,-484.2,9.8,-22.4,-11.8,266.8,129.2,-336.2,16.2,-3.8,-14.6,95.4,-4,-329.8,-5.2,-13.4,-3.8,246.2,-37.6,-169,-0.8,-32,-18.4,200.4,-77.2,-71.6,-6,-49.4,3.6,0.2,-10.2,220.4,2.2,-53.8,14,-289.2,78.8,514.2,41.2,19.8,-3.8,-446,-92.6,329,1,35,6.6,-173.2,-119.2,2.6,-34,-21.8,21.6,96.2,146.6,293,34.4,0.6,-4,-229.8,17.6,298.4,0.8,21.4,4,-267,-33.2,-48.2,-5.2,16.4,-0.4,63,20.2,27.8,left
-9.4,-11,-5.8,-76,8.2,364.8,15.2,20.2,-16.8,-256.4,-138.4,175.2,-14,49.8,4,49.4,-40.8,50.8,-7.8,37.6,9.8,172.6,0.4,-172.6,4,27.2,6.4,344.4,17.6,-287.8,2,22.6,7,218,5.4,-507.8,-6.4,25.4,21,234,85,-682.8,2.4,-5.6,-7,453.2,112.4,-597.2,4.2,-42,-14,371.8,-6.4,-374.2,-1.6,-25.8,-5.2,-28.2,-53.6,-362.2,5.4,-1,-4.6,270.4,-74,-197.6,2.4,-32.2,-18,240,-139.8,-88.8,-29.8,-61.6,0.2,23.4,44.6,204.4,7,-65,15,-427.2,112,558.8,47.6,35.4,2.6,-451.2,-130.8,352.2,-2,38.6,2.6,-56,-104.4,14.2,left
-7.8,-7.2,-10.2,-126.6,-26.4,388.8,-11.8,32.8,-3.2,-106,-63.8,118.4,-0.2,36.2,3.6,89.8,-23.4,-13,0,37.6,10,264.4,31,-218.8,-3.6,27.2,12.2,306.6,90,-437.6,-2,13.4,7.6,286,94.4,-533.6,13.4,11,-5.8,211.4,9,-618,-4,-10.4,-8.4,305.6,-27.6,-572,-3.6,-22.2,4.2,404.8,-38.8,-326.2,-7.4,-41,-1.8,86.6,37.8,-228.2,15.4,-18,-8.4,4.2,-14.8,-149.2,-0.6,-15.8,-8.6,227.6,-137.8,-18.4,-10.4,-40.6,-1.4,163.8,-65.2,244.4,-3,-49.4,3.2,-463.6,109.2,374.4,29.2,17,12.4,-348,22.2,325.6,2.4,19.8,5.2,14.4,-82.4,168,left
-14.4,5.6,-4.4,-27.8,94.2,379.8,2.4,29.8,-12.4,-20.4,-32.6,171.2,-6.4,36.2,0.8,10.6,1.8,-57.4,-5.2,52.8,20.4,294.4,60.8,-234.6,12.8,30,7.8,418.6,38.2,-414.2,11.6,-2.2,-4.8,274,-40.2,-589.6,-6.6,10.2,4.2,258.4,-40.6,-617.2,-8.2,-4.2,8.8,439.6,-5.8,-490.6,1.6,-47.4,-5.2,250.8,25.4,-366.8,6,-23.4,-12,36.2,-48,-246,-0.2,-11.8,-6.2,81,-74.2,-122.6,-14,-17.2,5.2,136.6,-55.4,-27,-13.4,-37.8,5.2,-5,97.6,205.2,10.2,-48.6,-10.4,-243.8,137.4,520.8,35.6,6,-6.6,-297.8,-56.6,343.6,6.8,34.4,15,-252.2,-155.8,21.8,left
-12,18.6,-0.4,138.4,59,346,-4.8,46.8,15.4,188.4,-6,40.4,7.6,22.8,0.4,14.4,-32.2,-286,-3.4,31.8,4.6,177,23.6,-410.4,4.2,27.8,11.2,400.6,7.2,-454.6,10.6,3.8,2,269.2,-47.6,-598.8,-5.8,-7.6,-2.2,309.4,2.8,-588.2,-4.8,-12.2,0.8,346.8,35,-423.8,4.6,-43.8,-15.6,164.4,-39.2,-231.6,0.2,-28.2,-2,108,-48,-153.4,-2.4,-13.8,-4,113.4,-70.2,28.8,-8.6,-51,-6.4,-64.4,63.2,309.6,9.8,-41.2,6.4,-381.6,92.4,412.4,28.6,36.4,16.2,-244.8,-80.4,187.6,-6.2,19.8,-1,-33.4,-60.8,184.2,-8,-28,5.4,-212.6,106.2,186.8,left
-23.6,-65,-4.4,384.4,90.2,-501.2,6.4,-33.4,1,-311.2,92,455,36.4,-0.6,5.8,-435,-55.6,309.2,-9,17.6,9.4,-119.8,-61,112.2,-8,1.6,9.6,56.4,81.4,319.2,21,-10.2,2.8,-338.4,59,234.6,9.2,22.2,6.2,-156,-39.8,24.2,-5.8,16.2,1,35.4,3.6,35.4,1.2,2,1,10.4,4.6,-18,-2.2,0.6,0.4,23.8,6.6,3.4,-1.4,-0.2,-1.2,2.4,16.8,-6.4,1.6,-0.2,-1.4,-9,1.8,-17.2,0,1,-1.6,14.8,-0.6,-4.6,0.8,-1.6,0.2,-5.8,-0.4,-0.2,10.2,-17.6,-25,829.2,161.6,384.2,14.6,-32,-12.8,525.6,101.4,374.8,tilt right
-0.8,43.4,-2.2,-999.6,42.4,-421.6,-18.6,19,28.8,-784.8,-104.8,-191.8,-10.8,67.2,27.2,479.2,-204.2,104,-14.6,9.4,15.2,638.4,45.8,192.8,-18.8,-32.2,9.6,-483.6,147.6,-158,-1.8,63.4,21,126,-94.2,98.2,-12.4,33.8,21.4,1062,64,341.6,0.8,-49.6,-12.2,161.2,51.4,28,-0.2,12.6,6,-40.6,35.6,-20.2,0.8,-3.8,-3.4,105.8,9.8,53.2,4,-0.2,0.2,-27.6,-2.6,-22.4,-2.2,-0.8,1.2,-14,3.6,13.8,0.2,2.8,-2.2,10.6,5.2,10.2,0.4,-0.6,-0.6,30.4,-4.2,1.8,9.6,-22,-23.4,694.4,122.2,264,10.4,-48.8,-23,314,98.2,86.6,tilt right
1.6,23,-7.8,-561.4,-79.6,-179.2,-0.4,-17.8,-5.4,-1207.4,-8,-452,-11.8,62.2,21.2,-841.2,-42,-99.2,-19.8,48.8,35,589.2,-76.4,273,-1.4,14.2,16.8,399.4,-16,84,-9.4,15.6,6.4,-197,66.4,-88.4,-13,36.8,16.6,440,-8.4,220,-6.8,3.8,21.4,644.2,36.2,187.8,4,9.2,0,314.2,1.8,45.6,-3.4,-9.4,2.6,140.6,29.6,24.8,-2.8,-5.4,-0.4,87,38.6,10.8,4.6,-3.8,1,-35.6,-14.2,-23.6,-0.4,4,0.4,29.2,18.8,-1.4,-0.2,-8,-2.8,-12,7.8,10,8.4,-6,-30.2,1078.8,87.2,413,19.2,-51.6,-46.4,765.8,52.4,260.4,tilt right
-6.2,23.4,9.6,-2009.2,120,-592.2,-12.6,84.6,27,-531,-170,-94.2,-26.8,65,49,1270.4,-101.2,485.4,-5.4,-29.6,5.8,603.4,142,79.6,4.2,-10.8,-7,-948.2,90.2,-323.6,-17.8,86.6,30.6,482.4,-197.2,332.4,-12,3.6,26.2,1310.6,144.2,390.4,9.8,-39.8,-17.6,-83.6,7.4,-97.2,-3.6,15.6,6.4,-53.2,-7.6,-2,1,-6,2.6,160.2,13,57.8,4,-6,-3.2,-82.4,2,-49.4,-2.8,2.2,-0.8,-43.6,0.6,-2.6,1.4,1.8,1,40,-0.4,12.8,1.8,-3,-0.6,14.4,-13.8,-1.4,10.6,-25,-21.8,987.8,55.2,334.6,12.6,-35.6,-34.2,702.6,77.2,258.8,tilt right
3.8,-19,-16.2,-740,-61.6,-328,-0.8,1.6,3.2,-1462.6,84.4,-514.8,-3,52.8,11.8,-1168.2,-60.2,-342,-19.6,70.8,46.8,473,-133.8,244.8,-24,26.4,43.2,1147.8,50.8,408,2.2,-30.8,-2.8,-91.8,127,-72.4,3,43,0.4,-137,-82.2,-61.6,-23,29.4,46,826.6,-2.4,325,2.2,-20.8,-2.2,604.6,22.4,178.8,2.4,-7.8,0,-16,7.4,-24.6,-0.2,-3.4,-1.4,41.4,34.2,-6.8,1.4,-2.8,0.2,-29,-19.6,-8.8,-0.4,-6.8,-1.6,-106.2,-13.2,-29.4,0.2,7,2.8,22.8,-0.8,22.6,12.4,13.2,-27.8,1472.8,114.8,559.4,18.8,-54.4,-62,1070.8,73.8,345.6,tilt right
-10.6,2.6,28.4,-1596.2,88.8,-404.8,-7.8,15,8.8,-990.2,-59.2,-406.2,-4.6,57.6,24.2,-267,-98.8,-67.8,-11.6,32.2,31.8,129,-63.8,34.6,-16.4,17.8,24.4,108.6,2.6,95.2,-10.6,31.8,20,385,51.4,167.4,-5.6,17.6,18.8,698.2,11.8,230.2,-6.4,-2,8.6,95,26.4,-32.2,-2,15.2,7.8,436.4,-60,191.8,-1.2,-11.8,3,358,86,88.2,-0.8,-5,-3.8,-1.2,33.6,-28.2,-0.2,-0.4,0.8,-42.8,-14.4,-3.8,4.8,-3.2,-1.8,3.6,-9,-6.6,-0.8,-1.8,0.2,-6,10,-1.8,8.8,15.8,-25.4,1397,87.8,543.6,17,-63,-49.2,954.8,35.6,360.4,tilt right
8.2,9.4,-6.6,-1035.4,4.2,-395.8,-5.6,-18.8,4,-1235.2,22.6,-506.2,-11.4,40,19.6,-1162.8,33.8,-327.2,-9,62.6,31.6,78.6,-92.2,119.8,-12.2,14.2,28.4,563.4,-50.8,157.6,-16,4.2,27.4,-9.2,63.4,-5,-4,50.8,11.8,261.2,-73.8,138.8,-10.4,4.6,22.2,553.6,42.2,205.2,-3.6,3.6,10.8,593.6,-4,163.8,-2.8,5.8,8.6,181.6,-55.2,66.8,3.2,-10,-7.6,133.2,41.8,17.6,-3.6,-3.4,1,37,37.6,5,2.8,1.6,1.6,-16.4,-8.2,-9.8,1.4,-5.2,-4.2,-33.8,-6.2,-13.8,12,-12.4,-26.4,1164,90.4,477.4,20,-41.8,-42.6,813.8,40.6,350.4,tilt right
4,-9.2,-3.4,-822.6,-6.4,-322.4,3.4,-6.6,-5.8,-775.4,-46.6,-362.2,-12.2,0.6,8.6,-1145.6,58.2,-367.4,-7.2,36,10.4,-926.4,-19.6,-253.2,-13.4,67.4,43.2,273.8,-102,135,-24.6,36.8,44.4,1082.2,4.6,411.6,-4,-32,0,19.8,94.4,-22.6,1,28.8,7.2,-208.6,-32.8,-74.6,-16.8,47.6,44.6,838,-46.8,320,-6.2,-17,3.8,655.8,35.6,217.2,8.6,-18.2,-10,-40.4,4.4,-62.6,-2.4,4,5,25,20.4,-0.8,-0.2,-0.4,0.4,25.6,-2.8,20.4,0.8,-1.6,-0.8,24,-14.2,16.2,6.8,-16.2,-19.8,903.2,48.2,389.2,13.6,-46.8,-35.4,505.4,25.8,221.6,tilt right
9.2,0.2,-4,-561.6,-17.8,-175.8,3.2,-16.8,-8.4,-557.4,-65.4,-285.4,-9,-6,2.8,-952.2,41.2,-329.6,-3.6,30.6,14.2,-867.6,28.2,-254.4,-5.4,39.2,24.6,-183,-69.8,-52.8,-15.8,25.4,28.6,363.8,-27.4,130,-17.8,3.6,25,108.2,50.6,70.8,-11.2,44.4,22.6,248.2,-20,66.6,0.8,17,17,562.2,-53.2,178.4,-6,-5,8.8,450,65,139.6,-7.2,2.2,10,183.2,-38.2,82.2,-1.4,6,4.4,222.6,13.4,36.2,5.2,-11.8,-7.2,39,30.4,7,-4,3,2.8,-5.4,12.8,6.4,22.8,-39.8,-48.8,903,69.4,329.6,22.6,-41,-45.8,414.8,97.8,206.6,tilt right
4.6,-0.8,-13,-528.4,-100.8,-287.8,-7,-0.8,10.6,-852.4,3.6,-256.8,-12.8,16,17.8,-815.2,62.6,-250.6,-5.8,30.8,19.2,-316.8,-62.2,-62.8,-15.2,35.8,34.2,379,-37,187.8,-14.2,22.4,31.6,410.4,21.2,152.8,-5.2,-0.2,11.2,-87.8,20.6,-69,-1.4,24,13.2,429.8,-12.8,154.8,-13.8,11.6,22.4,618.6,36,228.6,2.8,-15.2,0,98.8,-70,25.8,-1.6,4,0.4,162,60.6,14.2,-1.6,3.8,5.6,151,6,74.2,1.2,-13.8,-6,-131.8,-36.2,-29.2,-3.4,9.8,3.8,242.2,47.4,67.2,14.2,9.4,-24.8,1383.4,17.2,519.8,20,-48.8,-64.4,848,94.2,315.6,tilt right
4.4,-8.8,4,-1420.8,-31.6,-557.4,-18.2,34.6,20,-917.6,70.6,-315.4,-5.2,13.8,20,-709.8,19,-240.4,-14.8,43.2,36.8,136.2,-47.4,89.8,-16.2,18.6,41.2,546.2,-39.6,228.8,-2.2,14,10.4,71.4,5.6,-6.6,-6,19.8,12.4,98.2,31.4,-12.4,-16.2,18.8,32.8,722.6,-17.8,326.6,0.4,0.4,7.8,410.4,-37.8,105.8,1,-7,-5.8,68.4,-14.4,21.2,1.6,-1,-2.2,164.6,48.8,30.6,-6.2,3.8,7,67,-21.6,51.4,4.8,-12.8,-8,-97.4,-18.8,-35.2,-0.2,4.8,1,38.6,31.4,7,24.6,-31.8,-54.4,84.2,19,43.4,31.6,-52,-66.4,-136.4,-10,-108.2,tilt right
-17,22,33,128.6,-59.6,105,-19.6,26.4,37.8,333.2,17.4,132.2,-11.6,31.2,23.8,537.8,-5.2,133.8,6.2,-8.8,1,192.2,33.8,96.2,-12,19.2,22.8,466.2,-44.6,177.4,-4,5.8,7.6,397,8.6,108,0.2,-9.2,-1.8,184.8,14.4,51.2,1.4,-6.8,-4.8,37.6,20.8,-4.6,-3.4,5.6,3.6,0,15.6,14,2.6,-2.4,-1.4,-44.4,-11,15.6,-0.2,-5.2,-2,-28.4,17.4,-14.6,-2.4,8.6,2.4,76.6,19.6,41.6,0.4,-2.8,-2,-46,-13.2,-3,2.4,0.8,-0.4,-0.6,11,-35.4,13.8,12.8,-28.4,1526.6,128.4,604.4,18.4,-39.8,-63.4,1213,48,499.8,tilt right
12,-12.4,2.2,-1236,-84.6,-475.6,-9.8,3,5.6,-1212.8,36.6,-429.4,-16.8,19.2,23.6,-970.2,75,-282.6,-12.6,40,38.4,-223.8,-168.6,51.6,-8.2,22.2,23.8,364.2,-115.6,164.2,-17.4,28,38,153,136,107.2,-10.8,28.8,27.2,435.8,6.8,93,-3.6,2.8,13.4,417.6,-64.2,196,-5.2,2.8,8.6,408.2,30.4,82.8,-7.8,21.6,21.6,498.4,9.8,146.2,2.2,-15.4,-3.8,126.6,0.2,11.4,-1.8,-6.4,-4.6,0.6,21,-23,-0.4,4.8,4,77.6,26,5.8,-1.4,-1,5.2,55.6,-18.8,56.2,11.6,-4.8,-32.6,1172.2,89.6,439.8,17.8,-44.6,-40.6,885,23.8,291,tilt right
2.6,14.4,-10.6,-555.8,12.6,-161.6,13.4,-28.4,-13.6,-633.6,-128.4,-290,-9.4,-9.4,9.6,-1119.4,30.8,-404.2,-13.4,26.2,14.8,-839.4,17.4,-247.2,0.6,23.4,15.6,-511.6,-22.4,-113.2,-15.6,46.2,42.4,363.2,-30,128.4,-23.6,23.2,46,563.8,-33.8,237.8,-0.2,-2.8,7,29,18,-14.2,-9.8,22.8,17.4,292.6,38.6,93.2,-11.2,31,33.2,851,-13.8,292.4,1,-27.8,0,58.6,-63.8,41.4,1.2,3.8,-6.4,207,56.8,11.2,-6.2,6.6,11.6,168.4,22.2,60.8,4,-9.2,-4.4,-103.8,-34.4,-15.8,15.2,-8,-39.6,1313,89.4,512.4,16,-34.6,-54.8,1080.2,98.6,492,tilt right
12,-15.4,-8.6,-994.8,-33.4,-413.6,-6.8,-2,4.8,-933.6,-43.4,-413.4,-17.6,10.6,21.2,-926.2,-7.4,-245.4,-6.4,28,24,-432.6,-16.6,-109,-4.4,20,19.8,-243,-14.8,-80.2,-15.2,41.8,39.2,-94.6,-147.2,108.4,-20.4,49.6,41.6,899.4,11.2,309.4,-4.6,-12.2,15.8,627.6,156.8,58.6,-4.8,5.6,9.8,-48,-19.2,35.4,-5.2,26.6,18,504.4,-142,202.2,-3.4,-13.8,1,617,132.2,115.2,1.2,-8.8,-0.2,-50.4,-7.2,-31.8,-3.6,1.8,1.6,34.2,3.2,23,3.2,-12.6,-8,-37.6,4.2,-10,9.8,-7.6,-26,922.2,76.8,393.6,19.6,-24,-46.6,1015.8,68,435.2,tilt right
5,-27.2,-17.6,-692.8,-47.6,-286.8,7.8,-3,-2,-935,-104.8,-431.8,-9.4,4.8,7.4,-842.6,-37.4,-351.6,-15,-4.2,11.2,-1289.4,139.2,-412.2,-9.2,53.6,29,-560.6,-115.8,-57.4,-18.8,63.4,67,1208.4,-157,435.6,-24,-19.2,28.6,814.8,114.4,215,-5.6,-20.4,1.8,-719.4,169.8,-226.6,6,65,24.4,476.4,-249.8,291,-24.8,9.6,41.8,1231.4,131.6,313,3.8,-34.4,-16.4,28.2,-14.6,52.6,5.2,6.6,2.6,-79.6,-32,-51,-3,9,2.4,219.8,53,38.8,-4,-1.6,4.2,151.4,-36.2,84,21,-53.4,-52.8,889.4,63.2,391.4,26.4,-29.8,-59.6,285.2,166.6,114.6,tilt right
5.2,-5.2,-8.6,-395.8,-109.4,-208.2,-5.2,-15.2,0.4,-556,-60,-213.4,-6.4,-4.2,8.6,-809,-38.4,-255.6,-8,18.4,17.6,-861.6,38.8,-273.6,-8.8,22,16.8,-585.8,-8.2,-116.6,-11.2,50.2,37.6,96.2,-139.4,137.2,-26.4,44.8,55.6,950.4,37.2,328.2,-7.4,-15.4,12,448.8,103.6,46.6,5,-1.6,2,-186.4,-16.2,-8.4,-12.6,42.6,37.8,617.2,-75.8,229.4,-6.4,-3,10.4,816.2,92,188.4,0,-21.6,-7.8,-76.6,-27.2,-24.4,3.8,6.6,-1,80.8,11,-4.6,-0.8,-3.4,2,215,13.8,66.8,9.8,-8.4,-22.8,955.4,55.8,444.8,15.2,-31.4,-43.8,833.6,90,425.8,tilt right
18,-27,-23.8,-788.8,-20.2,-376.2,-10,5,-3.2,-1114.8,-53,-475,-10.4,10.6,8.2,-939,-90.2,-319,-11.8,9.4,28.8,-799.6,50.8,-128.4,-9,37.8,26.4,-415.4,-76,34.8,-19,82.2,55.4,709,-158,197.6,-20.2,13,32.4,976.6,62,260,-2,-37.6,-0.4,-12.2,105.2,7.6,-4.2,27,18.8,-35,-31.2,67.6,-14.2,57,39.6,1114.2,-55.2,299.2,6.2,-51.2,-15,308.6,86.4,28.2,-0.2,-4.8,-7,-181,8.2,-75.6,-2.8,9.8,8,127.4,31,43.4,3.4,-5,-3.2,-13,-5.8,-23.8,-9.8,15,16.6,772,-37.4,378.8,6.6,25,-12.2,1558.2,151.4,573.6,tilt right
21.8,-66,-48.8,-672.2,-173.2,-272.8,2.2,-1.8,6,-938.2,-42,-397.8,-6.4,-22.8,-4.8,-742.8,-92.6,-343,-4.2,-7.8,3.8,-944.4,-43.4,-291.6,-11.6,6.8,6,-1066.2,96,-200,-14.4,57.8,50.6,-220.4,-40.6,105.6,4.4,54.2,43.2,286.6,-287.2,63.6,-23,14,20.2,618.6,28.4,131,-22.8,-19,13.8,296.6,169.6,129.6,3.6,37.4,41.2,102,-87.2,158.6,5,38,13,435.6,-91.6,-20.2,-17.8,-23.6,3.4,904,102,170.6,1,-30,-11,-219.4,-1.8,-41.2,-3.8,29.8,18,-36.8,43,-46.8,17.2,0,-36.4,1763.6,131,567.4,14.8,-52,-74.8,1181.6,107.2,406.2,tilt right
19.4,-24.4,-4,-1275.6,-81.6,-396.2,-9,19,15.6,-1240.6,-32,-532.2,-19.4,-7.6,-1.2,-1695.6,83,-552.8,5.8,85.2,26.8,-664.6,-165.2,10.2,-30.8,66.4,75.8,1868.2,-180.2,607.4,-30.6,-50,42,659.6,106,77.4,9.8,-5.8,-29.2,-1074.8,203.6,-331.2,-6.6,76.6,38.4,559.2,-266.2,406,-27.8,8,56.4,1659,177.6,371.8,12.2,-58.6,-33.2,-269.4,-57.6,-40.6,-1.6,24,7.4,-3,56.8,-30.8,-1.4,2.8,8.4,174.2,20.6,82.4,0.6,-6.2,-6.4,-61.6,-9,-14.2,-1.6,2.4,1.6,262.4,21.2,132.6,13.8,-8.2,-17.4,944.2,27.4,348,13.4,-37,-40,727,15,238.2,tilt right
-0.4,-31.2,-9.4,-730.8,-68.8,-285,-1.6,6.4,3.8,-475.4,-27.2,-202.2,1.8,-12,-6.2,-603.2,-87,-260.4,-5,1.4,4.8,-1042.4,-25.6,-315.4,-20,12,22,-925.6,128,-215.2,-6.2,64,33.8,-253.4,-149,54.2,-14.8,63.8,61.2,1005.4,-183.8,299.6,-10,-10.6,20.2,937.6,188,215.4,-8.8,-51,-1.4,-530.4,93.8,-151.2,-2.4,73.2,25.2,163.8,-242.8,161.8,-17.4,18.2,41.8,1312.6,122,296.2,9.6,16.2,-36.2,-479.2,-98.8,53,-2.4,56.4,-13.6,-676,-186.6,-24,-10.6,15.8,10.4,735.6,178.6,102.6,-1,1.2,6.4,692,226.2,39,1,77.8,-8,243.4,108.2,151.4,tilt left
-4.8,-25.6,9.6,-200.6,-128.8,-106.2,-5.4,-31.6,9.6,-103.4,-65.4,116,14.8,-26.2,5.2,-534.4,-102.4,-157.2,2.4,7.4,7.6,-577,-146,-244.8,-15,8,8.8,108.8,-21.4,16.2,-4.8,-8.2,1.6,-12,-11,56.2,3.2,7.4,-3.6,21.6,28,20.8,1.2,1,-1,5.8,19.2,15.2,-0.6,1.6,-2.2,-13.2,-8.4,1,-1.2,1.8,0.2,-11.8,-13.6,23.2,0.4,1.2,-0.8,-36,10.6,-17.6,-2,35,-15.8,-866.8,-152.4,-82,-12,74.8,-13,-576.2,-135.4,-80,-5.2,23.8,-1,660.8,123.4,70.8,7.2,-13.8,-6,621.4,126.6,73.6,2.6,23.4,-20,-470.2,-72.4,-61.2,tilt left
11.2,-51.4,4.8,-353.8,-86.4,-123.4,13.4,-29.6,9.6,-824.8,-165.4,-344.6,-16.4,3.8,18.8,-346.6,-105.2,-40.2,1.6,-16,0.2,224,-15.2,154,17.8,-42,-1,-606.2,-112,-229.8,-3.8,11,-0.6,-716.4,-70,-271,-20.2,23.6,18.2,129,-46,79.6,8.2,-6.2,-4.6,131,34.4,31.6,-2,-2.6,-3.8,-111.4,15.6,-15,-1.8,5.8,1,-27,12.8,9,1.2,6,0.8,19.6,-4.8,5.4,-8,57.8,-11.4,133.8,4.6,64.6,-14.6,62.4,-5.2,324.4,123.4,32.2,-9.4,8.8,10.6,786.6,219.8,93,9,-17.2,-1.2,743.8,171.8,239.4,9,10,-26.8,321.4,66.8,219.8,tilt left
5.4,-1.8,20.4,-325,-97.8,-72.6,11.4,-8.2,-11.4,-229.8,-112.6,-86.8,-19,-5.2,5.8,-509.2,-57.4,-137.8,-1,13.4,10,-98,70.4,-10.2,2,1.8,0.2,-20.4,-53.8,4.4,-0.8,9.8,-2.8,-48,12.6,-51.2,-7,14,11.8,177.4,26.8,93.2,3.8,-15.8,-5.2,17.2,-2.8,10.2,-2.6,13,0.6,-44.4,-14.4,-18.2,-2.8,1.6,3.8,36,19.8,6,0.2,-0.8,1.8,44.8,-7.2,22.8,-15.4,75.6,-7.4,-415.4,-112.4,-49.4,-10.8,69,-16,37.4,-46.2,20.8,4,-11.8,-2.8,559,151.4,46.6,-5.2,-2,8.8,358,148.8,-3,-11.4,69.2,-5.8,332,60,124.8,tilt left
-15.6,-6.4,23.6,-543.2,-133.8,-167.4,4,-9,2,34.4,-52.6,99.4,8.2,-31.4,-6.2,-416.4,-65.2,-119.4,-0.6,-2.8,13.8,-575.6,-130.4,-216.8,-7.6,3.4,-2.2,-305,-1.6,-116.2,-7.6,23,13.6,204.8,6.2,124.6,3.8,-5.6,-3.8,141.6,38.6,34.2,1.6,-3.6,-8.6,-73.4,-0.6,-25.8,0,5,3.2,-80.2,7.6,-30,-1.6,11.6,4.4,145.4,-1.4,62.8,-0.2,-9.4,-5.2,33.2,-5.6,9.6,-2,36,-11.8,-1096.8,-238,-172.6,-9.6,50.2,-12,-773.4,-254.2,-57.4,-15,29,-5,535.8,70.6,123.8,0.8,7.2,-6.2,615.2,158.8,64.6,4.2,30,-16.2,-531.2,-125.4,-125.8,tilt left
20,-49.4,1,180,75.4,228.2,19.4,-33.8,8.4,-313,-78.6,-54.8,9.4,-41,4,-570.8,-155,-323.4,-9.6,-2.4,25,-439,-205,-91,8.2,-20.4,1.4,-14.4,-55.8,159.4,1.2,-19.4,4.8,-410,-97.8,-145.2,4.8,-7,7.8,-652,-184.2,-254.6,-13.2,21,10,148.8,-9,86.8,-1,-9.4,-1,-50,25,2.2,-0.2,10.8,-2.2,89.6,28,24.8,1,-1.2,0.4,44,19,25.4,15.6,-25.2,-23.8,-959.8,-205.4,-202.6,-20.8,55.4,-18.8,-1392.6,-386,-178.8,-34.6,105.8,6.2,319.4,-54.2,207.4,9.2,6,-3.8,1120.6,280.8,177.4,15.4,-52.8,-27.8,-263.8,-0.8,-170.4,tilt left
20,-1.8,-4.6,1053.6,273.2,317.8,19.6,-67.8,-19.4,106,20.4,114.8,20,-65.6,6.4,-1243.4,-195.6,-359.8,-10,14.8,40.4,-469.4,-142.6,-204.2,4.2,-6.4,-3.8,423,-91,242.2,8.6,-42.4,-8.6,-357.4,-54.2,-12.6,8.6,-26.4,14.2,-1150.2,-173.4,-421,-11,42.2,19.2,131.2,-90.4,51.8,-8.8,-3.8,2.2,182.4,-8.2,98,-1.2,-6.8,-2.8,-90.6,50,-30.2,1.2,8,3.6,-274.8,4.4,-99.2,7.2,-8.2,-12.2,-369.6,-22,-125.2,0.4,-2,-37.8,-1145.2,-280.4,-235.2,-26,87.6,-5,-276.8,-222.6,203,-5.4,48.6,14.4,694.2,130,237.6,8,-17.6,-8,527.6,273.8,-103.2,tilt left
17,-57,-3,-356.8,-110.6,-146.4,-3.6,-5.6,24.4,-293.8,44.4,-218.6,8.4,-41.8,-0.2,-305.8,-94,-20.6,4.6,-20.6,-4.6,-147.2,-157.2,47.6,4.6,-17.8,10,-617.8,-89.6,-214.8,-1.2,-1,12,-321.6,-65.2,-59.8,-6.2,0.6,-2,-30.6,-41.2,19.2,0.4,4.8,1.4,-135.6,-13,-20,-1,1.6,4.4,-36,5.8,11.6,-0.6,4.8,-2.2,89.6,1.2,48.2,0,0,-1,-51.8,-7,-1.2,-16.2,61,-15.4,-745.6,-165.8,-126.8,-2.2,59.2,-25.2,-192.4,-96.8,9.8,14.6,1,-9.4,668.6,102.4,154,-6.8,12.6,7.8,303.2,123,35.8,-27.4,71,-1.6,-378,-17.6,-125.2,tilt left
-1.4,-5,34,-0.2,-125.2,-126,10.6,-18.8,2,91,-102,11,0.4,-40.4,-0.8,-490,-37.2,-6.8,5.8,-25.4,11,-539.2,-141.4,-135.4,-4.2,6.8,22.6,-307.8,-140.4,-152.2,0.6,9,-0.6,112.4,-17.4,92.2,-2.4,-6.6,-2.4,-82.4,-12.8,-25.6,3,-3,-9.6,-131.2,9,-39.4,-5,8.6,10,28.8,-27,26.4,1,-3.2,-2.4,-92.4,10.4,-26.2,-3,7.4,-2.2,53.2,-9,31.4,-9.6,28,-18.2,1166.6,303.8,333,6.2,-10.8,-23.6,628.4,254.6,204.2,17.8,-33,13.2,-923.2,-184,-303,2.2,-1.2,12.8,-518.6,-232,-216,-15.8,27.4,-14.6,832,150.8,251.4,tilt left
-1.4,-0.4,3,-52.8,24.8,-18,4.2,10.4,-0.4,169.4,10.6,64.6,1,-9.2,-2.8,-27.6,-20.4,16.4,-4.4,4.8,0.4,-80.2,-1.4,-16.2,4.4,4.8,1,55.8,-12.8,31.4,-3.2,-2.4,-1,-33.8,-0.4,-18.2,-1,2.6,2.8,33.6,0.8,10.8,-2.6,-2.2,-2.2,29,6,16.2,0.2,-0.4,-0.4,-43.8,12.2,-11,1.8,5.4,1.4,42.8,20.4,21.2,-1.2,-0.2,-3,43.4,-19,-2.4,-2.4,32.4,-6.4,-1001,-219.6,-276.4,-11.4,29,-15,-736,-184,-68,-9.4,19,-15,305.6,35.4,182.6,6.6,29,-4.6,467.8,63.6,49.4,1.4,29.4,-8,-354.4,-128.4,-176.6,tilt left
7.8,-16.2,17.6,375,133,89.2,7.8,-19.4,12.8,86.2,36.2,55.2,15.4,-25.6,-10,161.8,-11.6,75.8,9.6,-74.8,-9.6,-579.4,-101.4,-169.6,6.8,6,29.2,-412.6,-228.8,-105.4,-4.2,-19,2.6,-115.2,-101.4,48.4,-2.8,-19.2,4.6,-347,-87.2,-118.4,4.2,-17.2,-4.2,-569.8,-28.4,-162.6,-5.4,24,13.4,138.4,-78.8,93.2,0.6,-14,-3.4,-109.2,10.6,-60.2,-2.6,6.6,-0.6,-85.4,12.8,-2.2,-8.4,32.8,-17.4,-880.8,-134.4,-168.6,-11,63.8,-4.4,-623.8,-149.8,-54.8,1.8,31,-2.4,377.6,30.6,144.6,2.2,4,-16.2,453.8,58.6,77.2,-11.8,28.6,-13.8,-305.2,-33.6,-113,tilt left
28.4,-44.8,-4.4,115.8,-13.8,113.2,8.8,-52.8,9.6,-324.8,-104.8,-128.2,4.4,-35.4,12.6,-671.2,-116.2,-261.8,-5.4,-4,13.4,-263,-149.4,19.8,2.6,-23.4,6.2,-290,-106.6,56.4,10.6,-25.4,-2,-506.8,-117.4,-184.4,-10,15.8,17.4,-396.2,-75.4,-164.4,-4.4,3.2,-0.8,1.6,-52.8,28.8,-0.8,5.4,1.2,39.2,35,19,0,1.2,-3.2,64.2,15,12.6,-0.2,2.2,0.4,-82.8,0.2,-36.4,-7.6,32.2,-11,-849.4,-147.2,-171,-15.8,50,-20,-790,-131.8,-63.4,-8.8,25,-17.8,240.6,9,158.6,13.2,30,0.6,556.4,34.8,107.6,-9,40.6,-7.6,-328.6,-51.6,-124.8,tilt left
25.6,-62.6,0,-130,41.8,-13,3.8,-35.4,17.6,-577.4,-82.4,-279.8,0.6,-13,15.8,-28.2,-131.8,-39.2,3.8,-46,-8.6,-324.2,-123.6,33,-3.4,-5.8,21.8,-669.4,-74.6,-171.4,9.2,-20.2,7.8,-288.2,-157,-44.2,-4.6,9.4,2.8,-218.2,-52.8,-76,-7.8,1,3.2,-274.4,-35.6,-73.8,2,14.8,3.6,102.8,11.2,61.2,-2.4,-4.2,-0.4,47.2,31.6,18,4.6,3.2,-3.8,2,-2,-8,-2.6,35,-4.2,-1076.4,-217.4,-316.4,-12.4,47.2,-16,-647.6,-203.2,-88.8,-9.4,19.6,-20.2,355.6,13.2,187.2,2.4,28,-2.4,360.4,79.4,43.6,-0.4,33,-3.2,-326.6,-84.6,-161.6,tilt left
6,-35.8,-1.2,308.2,171,52.8,8.4,-34.6,-3.8,281.2,59.6,172.2,15.4,-15.2,12.4,331.4,14.8,108,15.8,-53.2,-2.4,-249.8,-114.8,-121,-3.2,-46.8,15.8,-951.8,-133.6,-307.4,-5.4,20.2,13.6,-2,-61.2,71.2,8.2,-33.4,5.4,-257.2,-150.2,-54.4,-1,-5.4,0.2,-306,-59.2,-81.2,-8,-9,7,-510.8,-42.2,-170.2,-1,23.6,8.4,175.6,-0.6,89.2,1.8,-7,-2,-12.6,7.2,-8,-29.6,27,-9.2,-863.8,-156.2,-153.8,-8,47.4,-18.8,-996.4,-232.4,-173.2,23.6,48.8,-15.6,479.2,59.2,142.2,-0.4,3.6,-2.8,866.8,147.6,187,-23.4,3.4,-12.2,-401.8,-46.4,-123.4,tilt left
2.8,-12.8,2,518.6,187.4,34.4,-1.4,-23.8,6,266.4,23.8,81.4,12.8,-38.6,1.4,-173,-44.4,19.6,16.2,-17.2,5,192.2,21.4,22,3.4,-51.8,8.2,-449.6,-176.4,-199.8,2.8,-13.8,6,-312.8,-161.4,-11.6,-5.4,0,11.8,-435.8,-61.8,-79.2,-1.4,-22,4.6,-118,-43.8,51.4,5.2,8,5.4,-225.2,-69.8,-78.6,-3,-3.2,-2.2,-193.8,-16.2,-50,-4.4,9.6,5.2,6.2,6.4,37.2,-7.4,29.6,-16,-566.6,-93.6,-35,1.2,36.2,-27.4,-713.6,-146.2,-115.2,10.4,14.8,-12.4,83.4,-66,24,-4.4,35.2,-0.6,518,54.2,165.8,-14.8,35.8,-10.6,-101,25,55.2,tilt left
8.2,-47,-9,287.6,29.8,119,2.8,0.6,11,340.2,111,139.2,8.2,-35,12,-75.4,34.2,-101.2,17.2,-55.2,-5.2,-277.2,-138.6,-109.6,2.4,-27.8,11.2,-437.4,-154.2,-83.2,-6.6,11,17.2,-246.2,-63.4,-38.8,5,-38.8,2.4,-333.4,-100.4,-75.8,2.2,2.6,1.8,-227.6,-45,-76.4,-6,0.4,4.8,-358.8,-42.8,-101.8,1.4,11.8,2.6,176,-28.2,87.2,-3,-7.6,-3,-91.8,5.4,-24.4,-5,37,-0.2,-846.8,-97.2,-212.6,-9,33.8,2.4,-385,-56.2,-11.2,4.6,-8.4,-25.6,9.4,-87.8,121.2,-10,44.2,-7.6,-64.6,-21.2,-11.2,1,54.4,-10.4,-222,-2.4,-105.2,tilt left
0.4,-7.8,-0.4,661.8,232,-26.2,17.2,-31,-11.6,568.2,121.4,75.2,-2.6,-12.6,16,34.2,1.8,72.2,0,-18.6,16.2,208.4,13.4,71.6,25.4,-52.2,-14.8,186,-71.2,29.8,-1,-54.6,6.4,-744.2,-149.2,-233,-6.2,-1.2,20,-722.8,-89.4,-125.4,-12,16,26.2,372,-38.2,232.4,14.6,-47.8,-18.8,-168,-44.2,0.4,6,-13,-4.6,-870.2,-82.2,-285.4,-20.4,47.2,25.8,65.8,-1.6,43,-7,31.2,-18,-564.2,-170.8,52.8,-7.4,54.8,-20,-853.4,-152.8,-106.6,16.8,16.2,-14.4,527.8,112,123.2,2.4,-13.8,-8.4,494.8,72.4,69.6,-21.8,52.8,-6,-563.2,-139.6,-104.8,tilt left
8.4,-27,-10.2,563.2,162.6,200.6,10.4,-20.2,2.4,194,36.6,72.6,14.2,-32.8,13.2,-153.6,-27.8,-123,-4.6,-32.8,22,-179.8,-101.8,-16.6,8.8,-24.8,-10.4,-171,-112.6,26.2,4.8,-22,8.2,-616.8,-139.6,-190.6,-4.4,-5.6,13.6,-198.6,-64.4,6,-4.6,4.2,11.6,91.8,-72.4,63,8,-24.8,-16.4,-544.4,-54.2,-200.8,-6.6,22.8,12.2,2.6,-18.8,41.2,-0.8,-6.2,0.2,123.6,16.8,19.8,-19.6,111.6,-25,-1293.4,-160.8,-75,6.8,51.6,-20.8,-250,-41,86.6,33,-70.8,-11.4,987.8,49.4,59.2,-18.6,12,3.2,121.2,-4.4,-53.4,-35,118.8,-16.4,-970.6,-119.6,-12,tilt left
-5.6,-15,7.2,631.4,179.6,175.8,8.4,-35.6,0.4,69,40.4,34.8,12.4,-21.2,6.6,-2.8,-81.2,4.4,6.6,-37.8,-1,-50.6,-81,-61.8,-13.6,-30.4,4.6,-489.2,-48.2,-176.2,7.2,-17.2,-3.6,-372,-74,29,5.8,1,12,-41.2,-84.4,74.4,0.4,-19.2,4.2,-507.2,-99.8,-201.6,-7.8,12.2,2,-79.2,-19.4,16.4,6.4,-7.8,-1.8,-52.6,-12.2,0.8,-1.4,4.8,1.4,-182.4,4,-69.8,-13.4,31.6,14.8,-185.8,-60,32.4,4,11.8,-15.8,-549.8,-52.4,-93,2.8,0.6,-22.4,-470.8,38.4,-81,-8.2,40.6,-0.4,-2.6,-21.2,30.2,2,53.2,5.2,145.4,-85.2,49,tilt left
19.8,10.4,-13.8,86.2,-44.6,-2.2,-12.4,22.6,29.4,618,101,-26.6,-16.2,-28.2,7,509.6,228.2,41,21.4,-33.4,-9.4,390.8,116,221.8,11.4,2,13.6,465.2,59.6,135.2,5,-40,-0.2,71.8,-55.8,-28.4,10.2,-72.2,-15.8,-551,-156,-130.2,-15.2,-16,37.8,-458.4,-46.8,-106,12.6,-0.2,0.6,-171.2,-93.2,-16.4,2.8,-33.4,-9.8,-358.8,-102.8,-56.6,-9.6,-2.4,17.8,-400.8,-56.2,-95,5.6,27.8,-2.6,-1120,-163.4,-280.4,-17.8,60.6,1.2,-663.6,-92.4,-86.2,-6.2,14.2,-12.8,249.8,52.4,197.4,12,22.8,-18.6,279,-8.4,145.2,3.6,55,-7.6,-541.6,-130.2,-239.2,tilt left
